name,column_name,n_tuples,missing_perc,constancy,imbalance,uniqueness,unalikeability,entropy,density,mean_char,std_char,skewness_char,kurtosis_char,min_char,max_char,ml_method,impute_standard,impute_mode,impute_random,impute_knn,impute_mice,impute_logistic_regression,impute_random_forest,impute_kproto
abalone,'Sex',4177.0,0.4944,0.3655,1.2006,0.0014,0.6651,1.0958,1.8179,1.0,0.0,nan,nan,1.0,1.0,DecisionTree,0.20731217192298537,0.20644111651202893,0.206500875210976,0.20488047726397654
abalone,'Sex',4177.0,0.4944,0.3655,1.2006,0.0014,0.6651,1.0958,1.8179,1.0,0.0,nan,nan,1.0,1.0,LogisticRegression,0.22203305020051095,0.22654397196733522,0.22446015413931447,0.21671581622909
abalone,'Sex',4177.0,0.4944,0.3655,1.2006,0.0014,0.6651,1.0958,1.8179,1.0,0.0,nan,nan,1.0,1.0,KNN,0.18720250922975862,0.19311771233707195,0.18369059695865636,0.1919821379416351
abalone,'Sex',4177.0,0.4944,0.3655,1.2006,0.0014,0.6651,1.0958,1.8179,1.0,0.0,nan,nan,1.0,1.0,RandomForest,0.21317761017170775,0.2218548808311736,0.2164202098920211,0.21959648835757747
abalone,'Sex',4177.0,0.4944,0.3655,1.2006,0.0014,0.6651,1.0958,1.8179,1.0,0.0,nan,nan,1.0,1.0,AdaBoost,0.09865007551438726,0.09865007551438726,0.09865007551438726,0.09865007551438726
abalone,'Sex',4177.0,0.4944,0.3655,1.2006,0.0014,0.6651,1.0958,1.8179,1.0,0.0,nan,nan,1.0,1.0,SVC,0.21000604411332824,0.21247482409257606,0.21314421720104648,0.2032126313917418
abalone,'Sex',4177.0,0.4527,0.3675,1.2245,0.0013,0.6647,1.0952,2.3946,1.0,0.0,nan,nan,1.0,1.0,DecisionTree,0.2111110900457207,0.21823215089893983,0.21341126766415142,0.21487154542694378
abalone,'Sex',4177.0,0.4527,0.3675,1.2245,0.0013,0.6647,1.0952,2.3946,1.0,0.0,nan,nan,1.0,1.0,LogisticRegression,0.2269722545886197,0.23067265853665012,0.2264743703376881,0.22713254960169033
abalone,'Sex',4177.0,0.4527,0.3675,1.2245,0.0013,0.6647,1.0952,2.3946,1.0,0.0,nan,nan,1.0,1.0,KNN,0.20248135232794398,0.19927908354197718,0.20472853740583116,0.19630406515137203
abalone,'Sex',4177.0,0.4527,0.3675,1.2245,0.0013,0.6647,1.0952,2.3946,1.0,0.0,nan,nan,1.0,1.0,RandomForest,0.22381070571729272,0.22223598202106334,0.22201467730407834,0.22282495249241968
abalone,'Sex',4177.0,0.4527,0.3675,1.2245,0.0013,0.6647,1.0952,2.3946,1.0,0.0,nan,nan,1.0,1.0,AdaBoost,0.09865007551438726,0.09865007551438726,0.09865007551438726,0.09865007551438726
abalone,'Sex',4177.0,0.4527,0.3675,1.2245,0.0013,0.6647,1.0952,2.3946,1.0,0.0,nan,nan,1.0,1.0,SVC,0.21203949058388963,0.21955473061731157,0.2132396485367441,0.21038012019177557
abalone,'Sex',4177.0,0.4022,0.3684,1.1871,0.0012,0.665,1.0958,1.938,1.0,0.0,nan,nan,1.0,1.0,DecisionTree,0.21569379342529427,0.21658975807230704,0.21667073058623712,0.21435460907970472
abalone,'Sex',4177.0,0.4022,0.3684,1.1871,0.0012,0.665,1.0958,1.938,1.0,0.0,nan,nan,1.0,1.0,LogisticRegression,0.22635267322268207,0.22447967184932718,0.22525439387127688,0.2223019981005295
abalone,'Sex',4177.0,0.4022,0.3684,1.1871,0.0012,0.665,1.0958,1.938,1.0,0.0,nan,nan,1.0,1.0,KNN,0.1995533741860471,0.20240231080461563,0.19991496676788098,0.2021027501964993
abalone,'Sex',4177.0,0.4022,0.3684,1.1871,0.0012,0.665,1.0958,1.938,1.0,0.0,nan,nan,1.0,1.0,RandomForest,0.22386381494192703,0.22645036004186048,0.22512916267429384,0.22578619004869752
abalone,'Sex',4177.0,0.4022,0.3684,1.1871,0.0012,0.665,1.0958,1.938,1.0,0.0,nan,nan,1.0,1.0,AdaBoost,0.09865007551438726,0.09865007551438726,0.09865007551438726,0.09865007551438726
abalone,'Sex',4177.0,0.4022,0.3684,1.1871,0.0012,0.665,1.0958,1.938,1.0,0.0,nan,nan,1.0,1.0,SVC,0.21089848134769001,0.21851400177035052,0.21214541073084262,0.21136782719455416
abalone,'Sex',4177.0,0.3392,0.362,1.1456,0.0011,0.6657,1.0968,1.9744,1.0,0.0,nan,nan,1.0,1.0,DecisionTree,0.20367049397277853,0.20151230123170322,0.20065953535066494,0.19969676180854462
abalone,'Sex',4177.0,0.3392,0.362,1.1456,0.0011,0.6657,1.0968,1.9744,1.0,0.0,nan,nan,1.0,1.0,LogisticRegression,0.22366560459153775,0.22576532081135753,0.22339371076142384,0.22734202939639914
abalone,'Sex',4177.0,0.3392,0.362,1.1456,0.0011,0.6657,1.0968,1.9744,1.0,0.0,nan,nan,1.0,1.0,KNN,0.19683802790914748,0.19630675620692328,0.19204785413483325,0.1944052118720688
abalone,'Sex',4177.0,0.3392,0.362,1.1456,0.0011,0.6657,1.0968,1.9744,1.0,0.0,nan,nan,1.0,1.0,RandomForest,0.2230594274268154,0.2181325293335245,0.22142139493877352,0.21354194717901803
abalone,'Sex',4177.0,0.3392,0.362,1.1456,0.0011,0.6657,1.0968,1.9744,1.0,0.0,nan,nan,1.0,1.0,AdaBoost,0.09865007551438726,0.09865007551438726,0.09865007551438726,0.09865007551438726
abalone,'Sex',4177.0,0.3392,0.362,1.1456,0.0011,0.6657,1.0968,1.9744,1.0,0.0,nan,nan,1.0,1.0,SVC,0.20374129502375105,0.21048629472075173,0.20552512414713353,0.21068705294319526
abalone,'Sex',4177.0,0.3,0.3683,1.1668,0.001,0.6651,1.0959,11.4148,1.0,0.0,nan,nan,1.0,1.0,DecisionTree,0.21095665740728867,0.20941635962577726,0.2108041841804699,0.20949520558866894
abalone,'Sex',4177.0,0.3,0.3683,1.1668,0.001,0.6651,1.0959,11.4148,1.0,0.0,nan,nan,1.0,1.0,LogisticRegression,0.2207527682143762,0.22168578241210418,0.22220799246982506,0.22159683823053103
abalone,'Sex',4177.0,0.3,0.3683,1.1668,0.001,0.6651,1.0959,11.4148,1.0,0.0,nan,nan,1.0,1.0,KNN,0.19467278016335862,0.19737522972451035,0.19581031578902955,0.196925280490795
abalone,'Sex',4177.0,0.3,0.3683,1.1668,0.001,0.6651,1.0959,11.4148,1.0,0.0,nan,nan,1.0,1.0,RandomForest,0.22178260095711244,0.21806881387954347,0.22175900133281143,0.21834620256459455
abalone,'Sex',4177.0,0.3,0.3683,1.1668,0.001,0.6651,1.0959,11.4148,1.0,0.0,nan,nan,1.0,1.0,AdaBoost,0.09865007551438726,0.09865007551438726,0.09865007551438726,0.09865007551438726
abalone,'Sex',4177.0,0.3,0.3683,1.1668,0.001,0.6651,1.0959,11.4148,1.0,0.0,nan,nan,1.0,1.0,SVC,0.21022077197605976,0.2154686567271299,0.21283866094710993,0.21378100698910285
abalone,'Sex',4177.0,0.2499,0.369,1.176,0.001,0.665,1.0958,2.0316,1.0,0.0,nan,nan,1.0,1.0,DecisionTree,0.2101049071313176,0.21062982563963034,0.2092260875980213,0.20825676524750075
abalone,'Sex',4177.0,0.2499,0.369,1.176,0.001,0.665,1.0958,2.0316,1.0,0.0,nan,nan,1.0,1.0,LogisticRegression,0.22158230828525832,0.2299879540125699,0.22269378508923773,0.22561954171480478
abalone,'Sex',4177.0,0.2499,0.369,1.176,0.001,0.665,1.0958,2.0316,1.0,0.0,nan,nan,1.0,1.0,KNN,0.1972298303504103,0.20223230194993086,0.19142541867685603,0.1967444100480828
abalone,'Sex',4177.0,0.2499,0.369,1.176,0.001,0.665,1.0958,2.0316,1.0,0.0,nan,nan,1.0,1.0,RandomForest,0.22224627603081734,0.22116602016491865,0.22097870289171434,0.21762244088738425
abalone,'Sex',4177.0,0.2499,0.369,1.176,0.001,0.665,1.0958,2.0316,1.0,0.0,nan,nan,1.0,1.0,AdaBoost,0.09865007551438726,0.09865007551438726,0.09865007551438726,0.09865007551438726
abalone,'Sex',4177.0,0.2499,0.369,1.176,0.001,0.665,1.0958,2.0316,1.0,0.0,nan,nan,1.0,1.0,SVC,0.21009266123412515,0.21568342981629224,0.21223069644473594,0.21026115328961725
abalone,'Sex',4177.0,0.2035,0.3616,1.1523,0.0009,0.6656,1.0967,4.1015,1.0,0.0,nan,nan,1.0,1.0,DecisionTree,0.2098247590128562,0.20999985934277854,0.20952288877658082,0.20663392995577887
abalone,'Sex',4177.0,0.2035,0.3616,1.1523,0.0009,0.6656,1.0967,4.1015,1.0,0.0,nan,nan,1.0,1.0,LogisticRegression,0.22384988978670567,0.22248213469656536,0.22070360580107964,0.21924106228674548
abalone,'Sex',4177.0,0.2035,0.3616,1.1523,0.0009,0.6656,1.0967,4.1015,1.0,0.0,nan,nan,1.0,1.0,KNN,0.19311488356929185,0.1959082298411673,0.1963535345616999,0.19408712737380257
abalone,'Sex',4177.0,0.2035,0.3616,1.1523,0.0009,0.6656,1.0967,4.1015,1.0,0.0,nan,nan,1.0,1.0,RandomForest,0.22080905433305795,0.21794157938872202,0.22174927524485968,0.22002757215479402
abalone,'Sex',4177.0,0.2035,0.3616,1.1523,0.0009,0.6656,1.0967,4.1015,1.0,0.0,nan,nan,1.0,1.0,AdaBoost,0.09865007551438726,0.09865007551438726,0.09865007551438726,0.09865007551438726
abalone,'Sex',4177.0,0.2035,0.3616,1.1523,0.0009,0.6656,1.0967,4.1015,1.0,0.0,nan,nan,1.0,1.0,SVC,0.20453963336095457,0.20930675103723398,0.20519389718038172,0.204105850994922
abalone,'Sex',4177.0,0.1578,0.3636,1.144,0.0009,0.6655,1.0966,11.3755,1.0,0.0,nan,nan,1.0,1.0,DecisionTree,0.200548886069538,0.20071560638722374,0.19845112119698816,0.2007683867027664
abalone,'Sex',4177.0,0.1578,0.3636,1.144,0.0009,0.6655,1.0966,11.3755,1.0,0.0,nan,nan,1.0,1.0,LogisticRegression,0.2189074147555004,0.22147225059316972,0.21591897968566295,0.22155377910485746
abalone,'Sex',4177.0,0.1578,0.3636,1.144,0.0009,0.6655,1.0966,11.3755,1.0,0.0,nan,nan,1.0,1.0,KNN,0.1940170150891395,0.1920903368271488,0.1935601747183776,0.19539374287915073
abalone,'Sex',4177.0,0.1578,0.3636,1.144,0.0009,0.6655,1.0966,11.3755,1.0,0.0,nan,nan,1.0,1.0,RandomForest,0.2136460450313193,0.2138998643280206,0.21204971484287705,0.21562262277431316
abalone,'Sex',4177.0,0.1578,0.3636,1.144,0.0009,0.6655,1.0966,11.3755,1.0,0.0,nan,nan,1.0,1.0,AdaBoost,0.09865007551438726,0.09865007551438726,0.09865007551438726,0.09865007551438726
abalone,'Sex',4177.0,0.1578,0.3636,1.144,0.0009,0.6655,1.0966,11.3755,1.0,0.0,nan,nan,1.0,1.0,SVC,0.2084569330244814,0.20961797473587873,0.20848277512774016,0.21086432673306663
abalone,'Sex',4177.0,0.1034,0.3661,1.1609,0.0008,0.6652,1.0962,11.3823,1.0,0.0,nan,nan,1.0,1.0,DecisionTree,0.21044312069342203,0.20914797180365619,0.21109810934485956,0.20776129791944312
abalone,'Sex',4177.0,0.1034,0.3661,1.1609,0.0008,0.6652,1.0962,11.3823,1.0,0.0,nan,nan,1.0,1.0,LogisticRegression,0.22125184825992184,0.22011117425468682,0.22130297839062602,0.21894000655040619
abalone,'Sex',4177.0,0.1034,0.3661,1.1609,0.0008,0.6652,1.0962,11.3823,1.0,0.0,nan,nan,1.0,1.0,KNN,0.18775149361781096,0.19520771378019675,0.18712343016264502,0.19434383201227062
abalone,'Sex',4177.0,0.1034,0.3661,1.1609,0.0008,0.6652,1.0962,11.3823,1.0,0.0,nan,nan,1.0,1.0,RandomForest,0.21376312858864538,0.2127393416222172,0.21591708280526328,0.2136561085225417
abalone,'Sex',4177.0,0.1034,0.3661,1.1609,0.0008,0.6652,1.0962,11.3823,1.0,0.0,nan,nan,1.0,1.0,AdaBoost,0.09865007551438726,0.09865007551438726,0.09865007551438726,0.09865007551438726
abalone,'Sex',4177.0,0.1034,0.3661,1.1609,0.0008,0.6652,1.0962,11.3823,1.0,0.0,nan,nan,1.0,1.0,SVC,0.2060063798890256,0.20538978262879776,0.20732519932153218,0.20659174377512685
abalone,'Sex',4177.0,0.0524,0.3658,1.1734,0.0008,0.6652,1.0962,11.3527,1.0,0.0,nan,nan,1.0,1.0,DecisionTree,0.21499068542009164,0.21374963690148174,0.21513531688809034,0.21351117170069975
abalone,'Sex',4177.0,0.0524,0.3658,1.1734,0.0008,0.6652,1.0962,11.3527,1.0,0.0,nan,nan,1.0,1.0,LogisticRegression,0.22097742901892614,0.22020323275619763,0.22055809265922488,0.22030765312635742
abalone,'Sex',4177.0,0.0524,0.3658,1.1734,0.0008,0.6652,1.0962,11.3527,1.0,0.0,nan,nan,1.0,1.0,KNN,0.19355098845787688,0.193247503181605,0.19562274572327226,0.19169469772098197
abalone,'Sex',4177.0,0.0524,0.3658,1.1734,0.0008,0.6652,1.0962,11.3527,1.0,0.0,nan,nan,1.0,1.0,RandomForest,0.21799137384530745,0.21871371206835086,0.21837279036966528,0.21942858618370442
abalone,'Sex',4177.0,0.0524,0.3658,1.1734,0.0008,0.6652,1.0962,11.3527,1.0,0.0,nan,nan,1.0,1.0,AdaBoost,0.09865007551438726,0.09865007551438726,0.09865007551438726,0.09865007551438726
abalone,'Sex',4177.0,0.0524,0.3658,1.1734,0.0008,0.6652,1.0962,11.3527,1.0,0.0,nan,nan,1.0,1.0,SVC,0.20868151986413677,0.20801303620374875,0.21023458218274918,0.20892645585784517
BachChoralHarmony,V1,5665.0,0.4946,0.0356,6.0,0.021,0.9814,4.029,0.0037,8.0,0.0,nan,nan,8.0,8.0,DecisionTree,0.319564006179845,0.33722297724982786,0.333132769182127,0.34174044819000815
BachChoralHarmony,V1,5665.0,0.4946,0.0356,6.0,0.021,0.9814,4.029,0.0037,8.0,0.0,nan,nan,8.0,8.0,LogisticRegression,0.4045470339396322,0.42446060517930145,0.40004332584396274,0.41924810078756836
BachChoralHarmony,V1,5665.0,0.4946,0.0356,6.0,0.021,0.9814,4.029,0.0037,8.0,0.0,nan,nan,8.0,8.0,KNN,0.34763202720409436,0.36936867755153746,0.34353137562784447,0.37291536470910447
BachChoralHarmony,V1,5665.0,0.4946,0.0356,6.0,0.021,0.9814,4.029,0.0037,8.0,0.0,nan,nan,8.0,8.0,RandomForest,0.3594718775244998,0.3902146462890733,0.3832100031067961,0.39107327534796554
BachChoralHarmony,V1,5665.0,0.4946,0.0356,6.0,0.021,0.9814,4.029,0.0037,8.0,0.0,nan,nan,8.0,8.0,AdaBoost,0.06279253942528767,0.06672148490995147,0.06279253942528767,0.06672148490995147
BachChoralHarmony,V1,5665.0,0.4946,0.0356,6.0,0.021,0.9814,4.029,0.0037,8.0,0.0,nan,nan,8.0,8.0,SVC,0.39122238189837516,0.41164693751918546,0.382580393529966,0.41242737820217
BachChoralHarmony,V1,5665.0,0.4443,0.0356,4.6667,0.0191,0.9816,4.0362,0.0062,8.0,0.0,nan,nan,8.0,8.0,DecisionTree,0.3147582492613627,0.355086030857481,0.3429376425255638,0.357780482064333
BachChoralHarmony,V1,5665.0,0.4443,0.0356,4.6667,0.0191,0.9816,4.0362,0.0062,8.0,0.0,nan,nan,8.0,8.0,LogisticRegression,0.40197844574033786,0.4304074540391614,0.40687865087887215,0.43917368613809404
BachChoralHarmony,V1,5665.0,0.4443,0.0356,4.6667,0.0191,0.9816,4.0362,0.0062,8.0,0.0,nan,nan,8.0,8.0,KNN,0.3524369187808217,0.37362305086378705,0.34228759013399934,0.3824073178242928
BachChoralHarmony,V1,5665.0,0.4443,0.0356,4.6667,0.0191,0.9816,4.0362,0.0062,8.0,0.0,nan,nan,8.0,8.0,RandomForest,0.35845881445102135,0.39340141420688757,0.3891036029587763,0.4081806318070726
BachChoralHarmony,V1,5665.0,0.4443,0.0356,4.6667,0.0191,0.9816,4.0362,0.0062,8.0,0.0,nan,nan,8.0,8.0,AdaBoost,0.06279253942528767,0.05728343453174733,0.06279253942528767,0.05728343453174733
BachChoralHarmony,V1,5665.0,0.4443,0.0356,4.6667,0.0191,0.9816,4.0362,0.0062,8.0,0.0,nan,nan,8.0,8.0,SVC,0.3930576190736266,0.4207841524950773,0.397540584813982,0.42232156478267935
BachChoralHarmony,V1,5665.0,0.4056,0.0383,8.0625,0.0178,0.9814,4.0297,0.0054,8.0,0.0,nan,nan,8.0,8.0,DecisionTree,0.32527249759082355,0.36029842228660264,0.3409329629330103,0.36397835280111324
BachChoralHarmony,V1,5665.0,0.4056,0.0383,8.0625,0.0178,0.9814,4.0297,0.0054,8.0,0.0,nan,nan,8.0,8.0,LogisticRegression,0.4116000280352588,0.4311608883489166,0.40808196436926764,0.43116897763055395
BachChoralHarmony,V1,5665.0,0.4056,0.0383,8.0625,0.0178,0.9814,4.0297,0.0054,8.0,0.0,nan,nan,8.0,8.0,KNN,0.3581115985512163,0.3824828493532717,0.3576197548307098,0.3790236955063907
BachChoralHarmony,V1,5665.0,0.4056,0.0383,8.0625,0.0178,0.9814,4.0297,0.0054,8.0,0.0,nan,nan,8.0,8.0,RandomForest,0.3637054254051006,0.394249303345053,0.38274300201715766,0.39410083301817067
BachChoralHarmony,V1,5665.0,0.4056,0.0383,8.0625,0.0178,0.9814,4.0297,0.0054,8.0,0.0,nan,nan,8.0,8.0,AdaBoost,0.060204499940296446,0.06603089697472632,0.06279253942528767,0.060043381450633794
BachChoralHarmony,V1,5665.0,0.4056,0.0383,8.0625,0.0178,0.9814,4.0297,0.0054,8.0,0.0,nan,nan,8.0,8.0,SVC,0.40101842605451765,0.42291406820136773,0.39731922523636887,0.4203226387374565
BachChoralHarmony,V1,5665.0,0.353,0.0344,4.8462,0.0164,0.9816,4.0394,0.005,8.0,0.0,nan,nan,8.0,8.0,DecisionTree,0.3399817274779837,0.36731506801264774,0.3560483762147685,0.36290411740628326
BachChoralHarmony,V1,5665.0,0.353,0.0344,4.8462,0.0164,0.9816,4.0394,0.005,8.0,0.0,nan,nan,8.0,8.0,LogisticRegression,0.4428557732536612,0.44581975803431095,0.4258554567550039,0.445825541926513
BachChoralHarmony,V1,5665.0,0.353,0.0344,4.8462,0.0164,0.9816,4.0394,0.005,8.0,0.0,nan,nan,8.0,8.0,KNN,0.3819860254879185,0.3892231664096729,0.37495651326139307,0.38736663958620265
BachChoralHarmony,V1,5665.0,0.353,0.0344,4.8462,0.0164,0.9816,4.0394,0.005,8.0,0.0,nan,nan,8.0,8.0,RandomForest,0.38376504924182375,0.4122520904061663,0.4011754346002187,0.41256724721441285
BachChoralHarmony,V1,5665.0,0.353,0.0344,4.8462,0.0164,0.9816,4.0394,0.005,8.0,0.0,nan,nan,8.0,8.0,AdaBoost,0.06211245746436495,0.06561150577950436,0.06279253942528767,0.06561150577950436
BachChoralHarmony,V1,5665.0,0.353,0.0344,4.8462,0.0164,0.9816,4.0394,0.005,8.0,0.0,nan,nan,8.0,8.0,SVC,0.42885756240936146,0.4452086043052989,0.4220893486463826,0.4463643949322418
BachChoralHarmony,V1,5665.0,0.298,0.035,5.3462,0.0151,0.9816,4.0389,0.0053,8.0,0.0,nan,nan,8.0,8.0,DecisionTree,0.35229503176783344,0.37432894766441954,0.3709406457162992,0.3711214758310381
BachChoralHarmony,V1,5665.0,0.298,0.035,5.3462,0.0151,0.9816,4.0389,0.0053,8.0,0.0,nan,nan,8.0,8.0,LogisticRegression,0.43784260535607944,0.4574438284741157,0.44747261172783304,0.451329703734228
BachChoralHarmony,V1,5665.0,0.298,0.035,5.3462,0.0151,0.9816,4.0389,0.0053,8.0,0.0,nan,nan,8.0,8.0,KNN,0.3918204576760903,0.4063023894733835,0.3885411786561866,0.40018231860742276
BachChoralHarmony,V1,5665.0,0.298,0.035,5.3462,0.0151,0.9816,4.0389,0.0053,8.0,0.0,nan,nan,8.0,8.0,RandomForest,0.4011736113165017,0.42247567284275,0.4137742821188681,0.4184459926137596
BachChoralHarmony,V1,5665.0,0.298,0.035,5.3462,0.0151,0.9816,4.0389,0.0053,8.0,0.0,nan,nan,8.0,8.0,AdaBoost,0.06279253942528767,0.057391130988028234,0.06279253942528767,0.057391130988028234
BachChoralHarmony,V1,5665.0,0.298,0.035,5.3462,0.0151,0.9816,4.0389,0.0053,8.0,0.0,nan,nan,8.0,8.0,SVC,0.4244432443955029,0.4472293478017247,0.4317863489977076,0.44372902644507484
BachChoralHarmony,V1,5665.0,0.2517,0.0351,4.6562,0.0142,0.9816,4.0386,0.003,8.0,0.0,nan,nan,8.0,8.0,DecisionTree,0.3718408659087013,0.40300830358116985,0.38806759889842596,0.3943782275199878
BachChoralHarmony,V1,5665.0,0.2517,0.0351,4.6562,0.0142,0.9816,4.0386,0.003,8.0,0.0,nan,nan,8.0,8.0,LogisticRegression,0.4533376428640257,0.46997667412530036,0.4615962670108742,0.46514266911047775
BachChoralHarmony,V1,5665.0,0.2517,0.0351,4.6562,0.0142,0.9816,4.0386,0.003,8.0,0.0,nan,nan,8.0,8.0,KNN,0.4020967051073998,0.413152215264239,0.39883128353350294,0.40900813996796437
BachChoralHarmony,V1,5665.0,0.2517,0.0351,4.6562,0.0142,0.9816,4.0386,0.003,8.0,0.0,nan,nan,8.0,8.0,RandomForest,0.4111378240047617,0.44111820638401955,0.42915075478418735,0.4362967399236515
BachChoralHarmony,V1,5665.0,0.2517,0.0351,4.6562,0.0142,0.9816,4.0386,0.003,8.0,0.0,nan,nan,8.0,8.0,AdaBoost,0.05904267740243903,0.05692979338763318,0.06279253942528767,0.05692979338763318
BachChoralHarmony,V1,5665.0,0.2517,0.0351,4.6562,0.0142,0.9816,4.0386,0.003,8.0,0.0,nan,nan,8.0,8.0,SVC,0.4465942232810701,0.4659588609199861,0.4442546874501594,0.4619467151415224
BachChoralHarmony,V1,5665.0,0.2099,0.0382,6.84,0.0134,0.9814,4.0332,0.0046,8.0,0.0,nan,nan,8.0,8.0,DecisionTree,0.37195481538390995,0.39739190852688044,0.3932714890289618,0.39300303348816784
BachChoralHarmony,V1,5665.0,0.2099,0.0382,6.84,0.0134,0.9814,4.0332,0.0046,8.0,0.0,nan,nan,8.0,8.0,LogisticRegression,0.45859365245942535,0.47108265728409865,0.45785281275297585,0.4686865997686272
BachChoralHarmony,V1,5665.0,0.2099,0.0382,6.84,0.0134,0.9814,4.0332,0.0046,8.0,0.0,nan,nan,8.0,8.0,KNN,0.408887651246776,0.41685941607123,0.3987875112102796,0.4098364555035191
BachChoralHarmony,V1,5665.0,0.2099,0.0382,6.84,0.0134,0.9814,4.0332,0.0046,8.0,0.0,nan,nan,8.0,8.0,RandomForest,0.4209185157246679,0.442398413413618,0.43209712520346966,0.4342289672359269
BachChoralHarmony,V1,5665.0,0.2099,0.0382,6.84,0.0134,0.9814,4.0332,0.0046,8.0,0.0,nan,nan,8.0,8.0,AdaBoost,0.06279253942528767,0.060042852034447994,0.06279253942528767,0.060042852034447994
BachChoralHarmony,V1,5665.0,0.2099,0.0382,6.84,0.0134,0.9814,4.0332,0.0046,8.0,0.0,nan,nan,8.0,8.0,SVC,0.45974446072548014,0.46938754778311675,0.455711491683118,0.46002274154008926
BachChoralHarmony,V1,5665.0,0.144,0.0355,4.9143,0.0124,0.9816,4.0398,0.0056,8.0,0.0,nan,nan,8.0,8.0,DecisionTree,0.4090376838046807,0.42313674471835977,0.4129910491145257,0.4170418473309561
BachChoralHarmony,V1,5665.0,0.144,0.0355,4.9143,0.0124,0.9816,4.0398,0.0056,8.0,0.0,nan,nan,8.0,8.0,LogisticRegression,0.4790398451117591,0.48315066528448,0.4764253864975621,0.4834416961049647
BachChoralHarmony,V1,5665.0,0.144,0.0355,4.9143,0.0124,0.9816,4.0398,0.0056,8.0,0.0,nan,nan,8.0,8.0,KNN,0.4332992244434888,0.43878396363184813,0.4333038291432397,0.4313691492038295
BachChoralHarmony,V1,5665.0,0.144,0.0355,4.9143,0.0124,0.9816,4.0398,0.0056,8.0,0.0,nan,nan,8.0,8.0,RandomForest,0.44804404723565816,0.45864646390714015,0.4577192088927784,0.4524750490490299
BachChoralHarmony,V1,5665.0,0.144,0.0355,4.9143,0.0124,0.9816,4.0398,0.0056,8.0,0.0,nan,nan,8.0,8.0,AdaBoost,0.06279253942528767,0.06279253942528767,0.06279253942528767,0.06279253942528767
BachChoralHarmony,V1,5665.0,0.144,0.0355,4.9143,0.0124,0.9816,4.0398,0.0056,8.0,0.0,nan,nan,8.0,8.0,SVC,0.47779321493116655,0.48128172363389954,0.4758791507523795,0.47934302042312893
BachChoralHarmony,V1,5665.0,0.0973,0.0373,5.6176,0.0117,0.9814,4.0356,0.0055,8.0,0.0,nan,nan,8.0,8.0,DecisionTree,0.40804112649266,0.41957048332964414,0.41854430698208833,0.4219278099439888
BachChoralHarmony,V1,5665.0,0.0973,0.0373,5.6176,0.0117,0.9814,4.0356,0.0055,8.0,0.0,nan,nan,8.0,8.0,LogisticRegression,0.48447744707299356,0.49071427236514376,0.48566590158965334,0.4889119747614359
BachChoralHarmony,V1,5665.0,0.0973,0.0373,5.6176,0.0117,0.9814,4.0356,0.0055,8.0,0.0,nan,nan,8.0,8.0,KNN,0.4396422153506452,0.44580945466113575,0.44329299448334236,0.4447401612664428
BachChoralHarmony,V1,5665.0,0.0973,0.0373,5.6176,0.0117,0.9814,4.0356,0.0055,8.0,0.0,nan,nan,8.0,8.0,RandomForest,0.4489357790150807,0.4579462495095803,0.46219014917943113,0.45826573811360877
BachChoralHarmony,V1,5665.0,0.0973,0.0373,5.6176,0.0117,0.9814,4.0356,0.0055,8.0,0.0,nan,nan,8.0,8.0,AdaBoost,0.06279253942528767,0.05999894998995031,0.06279253942528767,0.05999894998995031
BachChoralHarmony,V1,5665.0,0.0973,0.0373,5.6176,0.0117,0.9814,4.0356,0.0055,8.0,0.0,nan,nan,8.0,8.0,SVC,0.48327471421489976,0.49340991485361996,0.48678155570853565,0.49392781402232966
BachChoralHarmony,V1,5665.0,0.048,0.0367,5.0769,0.0111,0.9814,4.0366,0.0053,8.0,0.0,nan,nan,8.0,8.0,DecisionTree,0.4260208339405514,0.42966459554868175,0.4309411856816062,0.42914356871331266
BachChoralHarmony,V1,5665.0,0.048,0.0367,5.0769,0.0111,0.9814,4.0366,0.0053,8.0,0.0,nan,nan,8.0,8.0,LogisticRegression,0.5014340510516521,0.5030302734976886,0.5028611960959456,0.5007538151162766
BachChoralHarmony,V1,5665.0,0.048,0.0367,5.0769,0.0111,0.9814,4.0366,0.0053,8.0,0.0,nan,nan,8.0,8.0,KNN,0.46174367508902253,0.459317383533723,0.4621997762093135,0.458996912074492
BachChoralHarmony,V1,5665.0,0.048,0.0367,5.0769,0.0111,0.9814,4.0366,0.0053,8.0,0.0,nan,nan,8.0,8.0,RandomForest,0.47293466623151786,0.475681164634817,0.47560261233485224,0.474152169176493
BachChoralHarmony,V1,5665.0,0.048,0.0367,5.0769,0.0111,0.9814,4.0366,0.0053,8.0,0.0,nan,nan,8.0,8.0,AdaBoost,0.06279253942528767,0.06279253942528767,0.06279253942528767,0.06279253942528767
BachChoralHarmony,V1,5665.0,0.048,0.0367,5.0769,0.0111,0.9814,4.0366,0.0053,8.0,0.0,nan,nan,8.0,8.0,SVC,0.5041368015623049,0.5014518069861361,0.5045227023759623,0.5033136292575084
BachChoralHarmony,V6,5665.0,0.4936,0.8686,6.6101,0.0007,0.2284,0.389,33.8946,2.1314,0.3378,0.8986,0.9406,2.0,3.0,DecisionTree,0.4388272915838157,0.4336903462637892,0.4281179298288566,0.4304903226913656
BachChoralHarmony,V6,5665.0,0.4936,0.8686,6.6101,0.0007,0.2284,0.389,33.8946,2.1314,0.3378,0.8986,0.9406,2.0,3.0,LogisticRegression,0.5001726480630657,0.4969268194546424,0.49681660412910617,0.49616343098486937
BachChoralHarmony,V6,5665.0,0.4936,0.8686,6.6101,0.0007,0.2284,0.389,33.8946,2.1314,0.3378,0.8986,0.9406,2.0,3.0,KNN,0.4602023109543598,0.4585854642692111,0.45857014207433855,0.4584895974966101
BachChoralHarmony,V6,5665.0,0.4936,0.8686,6.6101,0.0007,0.2284,0.389,33.8946,2.1314,0.3378,0.8986,0.9406,2.0,3.0,RandomForest,0.47338115846817297,0.472982306023811,0.4666713104355289,0.4703139159364398
BachChoralHarmony,V6,5665.0,0.4936,0.8686,6.6101,0.0007,0.2284,0.389,33.8946,2.1314,0.3378,0.8986,0.9406,2.0,3.0,AdaBoost,0.06195455820196399,0.06195455820196399,0.06195455820196399,0.06195455820196399
BachChoralHarmony,V6,5665.0,0.4936,0.8686,6.6101,0.0007,0.2284,0.389,33.8946,2.1314,0.3378,0.8986,0.9406,2.0,3.0,SVC,0.4998040319706228,0.4964033971136737,0.49768400628062065,0.49855394111774143
BachChoralHarmony,V6,5665.0,0.4583,0.8729,6.8692,0.0007,0.2219,0.3808,35.8077,2.1271,0.3331,0.9037,0.9532,2.0,3.0,DecisionTree,0.43408305793122426,0.4397433988483428,0.42596876474274936,0.4341159957452937
BachChoralHarmony,V6,5665.0,0.4583,0.8729,6.8692,0.0007,0.2219,0.3808,35.8077,2.1271,0.3331,0.9037,0.9532,2.0,3.0,LogisticRegression,0.49616590880614364,0.4972829456406809,0.49393287837232,0.4970431778480964
BachChoralHarmony,V6,5665.0,0.4583,0.8729,6.8692,0.0007,0.2219,0.3808,35.8077,2.1271,0.3331,0.9037,0.9532,2.0,3.0,KNN,0.4582197342302808,0.46097302868704637,0.45690258993964106,0.45968974943643026
BachChoralHarmony,V6,5665.0,0.4583,0.8729,6.8692,0.0007,0.2219,0.3808,35.8077,2.1271,0.3331,0.9037,0.9532,2.0,3.0,RandomForest,0.46688557205473086,0.4775303765164215,0.4648842682954149,0.468490219528374
BachChoralHarmony,V6,5665.0,0.4583,0.8729,6.8692,0.0007,0.2219,0.3808,35.8077,2.1271,0.3331,0.9037,0.9532,2.0,3.0,AdaBoost,0.06195455820196399,0.06195455820196399,0.06195455820196399,0.06195455820196399
BachChoralHarmony,V6,5665.0,0.4583,0.8729,6.8692,0.0007,0.2219,0.3808,35.8077,2.1271,0.3331,0.9037,0.9532,2.0,3.0,SVC,0.4978392698675683,0.5007466336605921,0.49597825834401355,0.49911117110877795
BachChoralHarmony,V6,5665.0,0.3917,0.8767,7.1082,0.0006,0.2163,0.3735,36.0418,2.1233,0.3288,0.9081,0.9626,2.0,3.0,DecisionTree,0.43293935109306364,0.4376973258484112,0.4344893101862546,0.43532962636793393
BachChoralHarmony,V6,5665.0,0.3917,0.8767,7.1082,0.0006,0.2163,0.3735,36.0418,2.1233,0.3288,0.9081,0.9626,2.0,3.0,LogisticRegression,0.5015582818895093,0.5008435304559595,0.49905706844862635,0.49961574497662425
BachChoralHarmony,V6,5665.0,0.3917,0.8767,7.1082,0.0006,0.2163,0.3735,36.0418,2.1233,0.3288,0.9081,0.9626,2.0,3.0,KNN,0.46128689072110973,0.4608805167420181,0.4597630926594378,0.46012438512334686
BachChoralHarmony,V6,5665.0,0.3917,0.8767,7.1082,0.0006,0.2163,0.3735,36.0418,2.1233,0.3288,0.9081,0.9626,2.0,3.0,RandomForest,0.4726713635781234,0.4745911387465548,0.4695400644381396,0.4758331882110258
BachChoralHarmony,V6,5665.0,0.3917,0.8767,7.1082,0.0006,0.2163,0.3735,36.0418,2.1233,0.3288,0.9081,0.9626,2.0,3.0,AdaBoost,0.06195455820196399,0.06195455820196399,0.06195455820196399,0.06195455820196399
BachChoralHarmony,V6,5665.0,0.3917,0.8767,7.1082,0.0006,0.2163,0.3735,36.0418,2.1233,0.3288,0.9081,0.9626,2.0,3.0,SVC,0.499069759188114,0.49885324452998636,0.4988265383545037,0.4988445779972326
BachChoralHarmony,V6,5665.0,0.3447,0.8753,7.0173,0.0005,0.2184,0.3762,34.3952,2.1247,0.3304,0.9065,0.9593,2.0,3.0,DecisionTree,0.43325924419163087,0.4363450554135782,0.4360854581451602,0.43324873883451953
BachChoralHarmony,V6,5665.0,0.3447,0.8753,7.0173,0.0005,0.2184,0.3762,34.3952,2.1247,0.3304,0.9065,0.9593,2.0,3.0,LogisticRegression,0.5009901799978081,0.4997653345291768,0.5014086338850975,0.5004919246471652
BachChoralHarmony,V6,5665.0,0.3447,0.8753,7.0173,0.0005,0.2184,0.3762,34.3952,2.1247,0.3304,0.9065,0.9593,2.0,3.0,KNN,0.4588867514692966,0.4616000707459965,0.46065535687243814,0.46047536925271026
BachChoralHarmony,V6,5665.0,0.3447,0.8753,7.0173,0.0005,0.2184,0.3762,34.3952,2.1247,0.3304,0.9065,0.9593,2.0,3.0,RandomForest,0.4713586444335282,0.4721870003291314,0.4745573167368483,0.47252893198826684
BachChoralHarmony,V6,5665.0,0.3447,0.8753,7.0173,0.0005,0.2184,0.3762,34.3952,2.1247,0.3304,0.9065,0.9593,2.0,3.0,AdaBoost,0.06195455820196399,0.06346613622414725,0.06195455820196399,0.06195455820196399
BachChoralHarmony,V6,5665.0,0.3447,0.8753,7.0173,0.0005,0.2184,0.3762,34.3952,2.1247,0.3304,0.9065,0.9593,2.0,3.0,SVC,0.5007898037775529,0.5016614068773129,0.5016619020918253,0.5010252966211736
BachChoralHarmony,V6,5665.0,0.3024,0.8755,7.0325,0.0005,0.218,0.3758,35.9691,2.1245,0.3301,0.9068,0.9599,2.0,3.0,DecisionTree,0.43755426492389715,0.4424314636980831,0.4421756683583707,0.441677593234718
BachChoralHarmony,V6,5665.0,0.3024,0.8755,7.0325,0.0005,0.218,0.3758,35.9691,2.1245,0.3301,0.9068,0.9599,2.0,3.0,LogisticRegression,0.5023814342191122,0.502904904024599,0.5032268469680269,0.5029836544978403
BachChoralHarmony,V6,5665.0,0.3024,0.8755,7.0325,0.0005,0.218,0.3758,35.9691,2.1245,0.3301,0.9068,0.9599,2.0,3.0,KNN,0.4570554025949795,0.46007581696776084,0.4587479603518597,0.46006289679025836
BachChoralHarmony,V6,5665.0,0.3024,0.8755,7.0325,0.0005,0.218,0.3758,35.9691,2.1245,0.3301,0.9068,0.9599,2.0,3.0,RandomForest,0.4738424051943897,0.47511027972243086,0.47868664906762237,0.4766721573424004
BachChoralHarmony,V6,5665.0,0.3024,0.8755,7.0325,0.0005,0.218,0.3758,35.9691,2.1245,0.3301,0.9068,0.9599,2.0,3.0,AdaBoost,0.06195455820196399,0.06195455820196399,0.06195455820196399,0.06195455820196399
BachChoralHarmony,V6,5665.0,0.3024,0.8755,7.0325,0.0005,0.218,0.3758,35.9691,2.1245,0.3301,0.9068,0.9599,2.0,3.0,SVC,0.5011092004525594,0.5021648426216808,0.502334213704262,0.5009601784525716
BachChoralHarmony,V6,5665.0,0.2607,0.8749,6.9924,0.0005,0.219,0.377,35.93,2.1251,0.3309,0.906,0.9583,2.0,3.0,DecisionTree,0.4368354896331291,0.44551364922159187,0.4400350114725097,0.43968037179725783
BachChoralHarmony,V6,5665.0,0.2607,0.8749,6.9924,0.0005,0.219,0.377,35.93,2.1251,0.3309,0.906,0.9583,2.0,3.0,LogisticRegression,0.5061147998655658,0.5034851614127704,0.5004326427624646,0.5028190128132423
BachChoralHarmony,V6,5665.0,0.2607,0.8749,6.9924,0.0005,0.219,0.377,35.93,2.1251,0.3309,0.906,0.9583,2.0,3.0,KNN,0.4624405917768559,0.4630867168924856,0.4623332439092548,0.4619931035912527
BachChoralHarmony,V6,5665.0,0.2607,0.8749,6.9924,0.0005,0.219,0.377,35.93,2.1251,0.3309,0.906,0.9583,2.0,3.0,RandomForest,0.47883200867348596,0.4763329766864497,0.47641965829422517,0.4777271997005713
BachChoralHarmony,V6,5665.0,0.2607,0.8749,6.9924,0.0005,0.219,0.377,35.93,2.1251,0.3309,0.906,0.9583,2.0,3.0,AdaBoost,0.06273267532894436,0.06273267532894436,0.050978477458410325,0.06263677011142116
BachChoralHarmony,V6,5665.0,0.2607,0.8749,6.9924,0.0005,0.219,0.377,35.93,2.1251,0.3309,0.906,0.9583,2.0,3.0,SVC,0.5041613980964591,0.5032754415399177,0.5014033107754741,0.5012874018423771
BachChoralHarmony,V6,5665.0,0.2039,0.8747,6.9823,0.0004,0.2192,0.3773,35.9202,2.1253,0.331,0.9058,0.9579,2.0,3.0,DecisionTree,0.43978658145047045,0.44471116194003124,0.4395502049272618,0.44499971435379226
BachChoralHarmony,V6,5665.0,0.2039,0.8747,6.9823,0.0004,0.2192,0.3773,35.9202,2.1253,0.331,0.9058,0.9579,2.0,3.0,LogisticRegression,0.5030328433764198,0.5040018284503637,0.5023428664886462,0.5039586274938164
BachChoralHarmony,V6,5665.0,0.2039,0.8747,6.9823,0.0004,0.2192,0.3773,35.9202,2.1253,0.331,0.9058,0.9579,2.0,3.0,KNN,0.46343902485075394,0.46688682686889055,0.4623835478928169,0.46441550687684285
BachChoralHarmony,V6,5665.0,0.2039,0.8747,6.9823,0.0004,0.2192,0.3773,35.9202,2.1253,0.331,0.9058,0.9579,2.0,3.0,RandomForest,0.4768236569244054,0.4808805642057991,0.47732656913734706,0.48057690037877937
BachChoralHarmony,V6,5665.0,0.2039,0.8747,6.9823,0.0004,0.2192,0.3773,35.9202,2.1253,0.331,0.9058,0.9579,2.0,3.0,AdaBoost,0.06305088164091575,0.06344660651591351,0.06312958067627512,0.06312685546457655
BachChoralHarmony,V6,5665.0,0.2039,0.8747,6.9823,0.0004,0.2192,0.3773,35.9202,2.1253,0.331,0.9058,0.9579,2.0,3.0,SVC,0.5034798439088067,0.5056854180684913,0.5019365042114565,0.5051512795213682
BachChoralHarmony,V6,5665.0,0.1499,0.8779,7.1905,0.0004,0.2144,0.3711,36.1192,2.1221,0.3274,0.9096,0.9654,2.0,3.0,DecisionTree,0.4421056978156586,0.44438344074872793,0.4391716410051655,0.444672427803586
BachChoralHarmony,V6,5665.0,0.1499,0.8779,7.1905,0.0004,0.2144,0.3711,36.1192,2.1221,0.3274,0.9096,0.9654,2.0,3.0,LogisticRegression,0.5058906716219671,0.5058106380755567,0.505801313318306,0.5046876159648185
BachChoralHarmony,V6,5665.0,0.1499,0.8779,7.1905,0.0004,0.2144,0.3711,36.1192,2.1221,0.3274,0.9096,0.9654,2.0,3.0,KNN,0.462891828019009,0.4653827877997188,0.46444669788922566,0.46489495984947216
BachChoralHarmony,V6,5665.0,0.1499,0.8779,7.1905,0.0004,0.2144,0.3711,36.1192,2.1221,0.3274,0.9096,0.9654,2.0,3.0,RandomForest,0.4751943223856532,0.4812084315582562,0.48000422645312624,0.4809645099182662
BachChoralHarmony,V6,5665.0,0.1499,0.8779,7.1905,0.0004,0.2144,0.3711,36.1192,2.1221,0.3274,0.9096,0.9654,2.0,3.0,AdaBoost,0.0627443556473842,0.06357091490513707,0.06438221444612575,0.062711451293956
BachChoralHarmony,V6,5665.0,0.1499,0.8779,7.1905,0.0004,0.2144,0.3711,36.1192,2.1221,0.3274,0.9096,0.9654,2.0,3.0,SVC,0.5047152846206641,0.505755928195524,0.5033058369728487,0.5045208567475453
BachChoralHarmony,V6,5665.0,0.098,0.8726,6.8495,0.0004,0.2224,0.3814,35.7877,2.1274,0.3334,0.9034,0.9524,2.0,3.0,DecisionTree,0.4460606475882205,0.44645078477419353,0.44098576889559626,0.44413433195010743
BachChoralHarmony,V6,5665.0,0.098,0.8726,6.8495,0.0004,0.2224,0.3814,35.7877,2.1274,0.3334,0.9034,0.9524,2.0,3.0,LogisticRegression,0.5105229248128378,0.5096830108981021,0.5089356372044057,0.5107170595178614
BachChoralHarmony,V6,5665.0,0.098,0.8726,6.8495,0.0004,0.2224,0.3814,35.7877,2.1274,0.3334,0.9034,0.9524,2.0,3.0,KNN,0.46713929758809664,0.4675110731155553,0.4673130112169094,0.46793607588770864
BachChoralHarmony,V6,5665.0,0.098,0.8726,6.8495,0.0004,0.2224,0.3814,35.7877,2.1274,0.3334,0.9034,0.9524,2.0,3.0,RandomForest,0.48355218784765003,0.4812387546967941,0.481249631099585,0.48116559162892253
BachChoralHarmony,V6,5665.0,0.098,0.8726,6.8495,0.0004,0.2224,0.3814,35.7877,2.1274,0.3334,0.9034,0.9524,2.0,3.0,AdaBoost,0.0656445607013667,0.05693785260668314,0.06563143197530208,0.05693621099844849
BachChoralHarmony,V6,5665.0,0.098,0.8726,6.8495,0.0004,0.2224,0.3814,35.7877,2.1274,0.3334,0.9034,0.9524,2.0,3.0,SVC,0.5079459417198154,0.5088809867657954,0.5091629604617705,0.5068230316135391
BachChoralHarmony,V6,5665.0,0.0436,0.8747,6.9794,0.0004,0.2193,0.3774,35.9173,2.1253,0.3311,0.9058,0.9578,2.0,3.0,DecisionTree,0.4468600800998245,0.4474807845475296,0.4468360496961716,0.4466687698340196
BachChoralHarmony,V6,5665.0,0.0436,0.8747,6.9794,0.0004,0.2193,0.3774,35.9173,2.1253,0.3311,0.9058,0.9578,2.0,3.0,LogisticRegression,0.5099034649481706,0.5098578470632724,0.5088341721196468,0.509457979092708
BachChoralHarmony,V6,5665.0,0.0436,0.8747,6.9794,0.0004,0.2193,0.3774,35.9173,2.1253,0.3311,0.9058,0.9578,2.0,3.0,KNN,0.46906665315883433,0.4687297663052504,0.4678000975746736,0.4687423615226384
BachChoralHarmony,V6,5665.0,0.0436,0.8747,6.9794,0.0004,0.2193,0.3774,35.9173,2.1253,0.3311,0.9058,0.9578,2.0,3.0,RandomForest,0.48546807385471824,0.4840465276481123,0.48294978087003515,0.4836325423670049
BachChoralHarmony,V6,5665.0,0.0436,0.8747,6.9794,0.0004,0.2193,0.3774,35.9173,2.1253,0.3311,0.9058,0.9578,2.0,3.0,AdaBoost,0.06869089875628732,0.05986550814813766,0.05480658259102738,0.059859902698735236
BachChoralHarmony,V6,5665.0,0.0436,0.8747,6.9794,0.0004,0.2193,0.3774,35.9173,2.1253,0.3311,0.9058,0.9578,2.0,3.0,SVC,0.509107003300921,0.508905752531381,0.5071272295296417,0.5086822981099293
BachChoralHarmony,V15,5665.0,0.4893,0.1272,26.2857,0.0055,0.9061,2.4782,0.3829,1.2523,0.4344,0.7578,0.3319,1.0,2.0,DecisionTree,0.2960179205418934,0.303365925656092,0.2876671714872306,0.3019957708345772
BachChoralHarmony,V15,5665.0,0.4893,0.1272,26.2857,0.0055,0.9061,2.4782,0.3829,1.2523,0.4344,0.7578,0.3319,1.0,2.0,LogisticRegression,0.34928761935223,0.3630331076850469,0.3460608775389661,0.36205198316224557
BachChoralHarmony,V15,5665.0,0.4893,0.1272,26.2857,0.0055,0.9061,2.4782,0.3829,1.2523,0.4344,0.7578,0.3319,1.0,2.0,KNN,0.2970631569011578,0.30204521176876586,0.2961556969430104,0.30495124551190467
BachChoralHarmony,V15,5665.0,0.4893,0.1272,26.2857,0.0055,0.9061,2.4782,0.3829,1.2523,0.4344,0.7578,0.3319,1.0,2.0,RandomForest,0.31031402739233016,0.3233280832632001,0.31309555006184714,0.3298583404149749
BachChoralHarmony,V15,5665.0,0.4893,0.1272,26.2857,0.0055,0.9061,2.4782,0.3829,1.2523,0.4344,0.7578,0.3319,1.0,2.0,AdaBoost,0.026417847104554713,0.02425171351072917,0.0283328575402309,0.023282924290554067
BachChoralHarmony,V15,5665.0,0.4893,0.1272,26.2857,0.0055,0.9061,2.4782,0.3829,1.2523,0.4344,0.7578,0.3319,1.0,2.0,SVC,0.3295874128872235,0.35104555456301617,0.32958874060031734,0.35439348793363823
BachChoralHarmony,V15,5665.0,0.4401,0.1211,25.6,0.005,0.9061,2.478,0.3748,1.2519,0.4341,0.7582,0.3333,1.0,2.0,DecisionTree,0.3050604479414323,0.30409000790996155,0.31396914658139663,0.3149742435592573
BachChoralHarmony,V15,5665.0,0.4401,0.1211,25.6,0.005,0.9061,2.478,0.3748,1.2519,0.4341,0.7582,0.3333,1.0,2.0,LogisticRegression,0.36565065362774685,0.3751192554403541,0.3751288240656356,0.37522377236975574
BachChoralHarmony,V15,5665.0,0.4401,0.1211,25.6,0.005,0.9061,2.478,0.3748,1.2519,0.4341,0.7582,0.3333,1.0,2.0,KNN,0.3107257473341073,0.3185306304809848,0.31319934315352344,0.3218030632382024
BachChoralHarmony,V15,5665.0,0.4401,0.1211,25.6,0.005,0.9061,2.478,0.3748,1.2519,0.4341,0.7582,0.3333,1.0,2.0,RandomForest,0.3188749493677788,0.3336382800263378,0.3262324222121906,0.3388277387683431
BachChoralHarmony,V15,5665.0,0.4401,0.1211,25.6,0.005,0.9061,2.478,0.3748,1.2519,0.4341,0.7582,0.3333,1.0,2.0,AdaBoost,0.029825752943288878,0.026451062826311125,0.029108341141796203,0.02642591416066799
BachChoralHarmony,V15,5665.0,0.4401,0.1211,25.6,0.005,0.9061,2.478,0.3748,1.2519,0.4341,0.7582,0.3333,1.0,2.0,SVC,0.348261566597136,0.36385584293721185,0.359726900082578,0.3598747281064615
BachChoralHarmony,V15,5665.0,0.4018,0.1257,25.0588,0.0047,0.9064,2.4789,0.3758,1.2532,0.4348,0.7568,0.3294,1.0,2.0,DecisionTree,0.3170802089607461,0.33581298223744005,0.31648105951554806,0.3299047956967589
BachChoralHarmony,V15,5665.0,0.4018,0.1257,25.0588,0.0047,0.9064,2.4789,0.3758,1.2532,0.4348,0.7568,0.3294,1.0,2.0,LogisticRegression,0.3822756597933322,0.3924942030177031,0.3818272778420136,0.38669474203810955
BachChoralHarmony,V15,5665.0,0.4018,0.1257,25.0588,0.0047,0.9064,2.4789,0.3758,1.2532,0.4348,0.7568,0.3294,1.0,2.0,KNN,0.32860137947007834,0.3377298452814815,0.328682070983544,0.34117906248944496
BachChoralHarmony,V15,5665.0,0.4018,0.1257,25.0588,0.0047,0.9064,2.4789,0.3758,1.2532,0.4348,0.7568,0.3294,1.0,2.0,RandomForest,0.3477287165991496,0.3551641399608895,0.3414636579188204,0.35346259357298304
BachChoralHarmony,V15,5665.0,0.4018,0.1257,25.0588,0.0047,0.9064,2.4789,0.3758,1.2532,0.4348,0.7568,0.3294,1.0,2.0,AdaBoost,0.026417847104554713,0.031206042666756365,0.02832239965444976,0.028911225030780988
BachChoralHarmony,V15,5665.0,0.4018,0.1257,25.0588,0.0047,0.9064,2.4789,0.3758,1.2532,0.4348,0.7568,0.3294,1.0,2.0,SVC,0.3714342961089819,0.3842030994501493,0.36891424048559285,0.37809457196037266
BachChoralHarmony,V15,5665.0,0.3569,0.1271,25.7222,0.0044,0.9068,2.4831,0.3796,1.2602,0.4388,0.7489,0.3089,1.0,2.0,DecisionTree,0.32839313971280015,0.3417348356815806,0.33660342900013984,0.3464808246265879
BachChoralHarmony,V15,5665.0,0.3569,0.1271,25.7222,0.0044,0.9068,2.4831,0.3796,1.2602,0.4388,0.7489,0.3089,1.0,2.0,LogisticRegression,0.40650388054456676,0.40499213934053774,0.39907360149144255,0.39946535255864535
BachChoralHarmony,V15,5665.0,0.3569,0.1271,25.7222,0.0044,0.9068,2.4831,0.3796,1.2602,0.4388,0.7489,0.3089,1.0,2.0,KNN,0.34632254621604,0.3319828838690192,0.34535785092243043,0.3411782874633942
BachChoralHarmony,V15,5665.0,0.3569,0.1271,25.7222,0.0044,0.9068,2.4831,0.3796,1.2602,0.4388,0.7489,0.3089,1.0,2.0,RandomForest,0.3643614301017916,0.36454320017720804,0.3660799890153167,0.37111143530685925
BachChoralHarmony,V15,5665.0,0.3569,0.1271,25.7222,0.0044,0.9068,2.4831,0.3796,1.2602,0.4388,0.7489,0.3089,1.0,2.0,AdaBoost,0.02729147724596478,0.03655155759756207,0.026417847104554713,0.03584817294230733
BachChoralHarmony,V15,5665.0,0.3569,0.1271,25.7222,0.0044,0.9068,2.4831,0.3796,1.2602,0.4388,0.7489,0.3089,1.0,2.0,SVC,0.395188228844821,0.3967247155359175,0.3901772791997711,0.3906654579131442
BachChoralHarmony,V15,5665.0,0.2951,0.123,28.8824,0.004,0.9063,2.4761,0.3799,1.2527,0.4346,0.7574,0.3308,1.0,2.0,DecisionTree,0.34459905747108144,0.3558462229506596,0.3476981472184658,0.3514852293596181
BachChoralHarmony,V15,5665.0,0.2951,0.123,28.8824,0.004,0.9063,2.4761,0.3799,1.2527,0.4346,0.7574,0.3308,1.0,2.0,LogisticRegression,0.41466334441508496,0.41132330897820363,0.41544658754650554,0.4093383167622822
BachChoralHarmony,V15,5665.0,0.2951,0.123,28.8824,0.004,0.9063,2.4761,0.3799,1.2527,0.4346,0.7574,0.3308,1.0,2.0,KNN,0.36134190975008385,0.3600790279067794,0.36269210971827215,0.3678267498751776
BachChoralHarmony,V15,5665.0,0.2951,0.123,28.8824,0.004,0.9063,2.4761,0.3799,1.2527,0.4346,0.7574,0.3308,1.0,2.0,RandomForest,0.37971548792850335,0.3839916535739724,0.3810860960632945,0.38682166070670887
BachChoralHarmony,V15,5665.0,0.2951,0.123,28.8824,0.004,0.9063,2.4761,0.3799,1.2527,0.4346,0.7574,0.3308,1.0,2.0,AdaBoost,0.023184970175008555,0.037206922952894184,0.026417847104554713,0.02385168457731688
BachChoralHarmony,V15,5665.0,0.2951,0.123,28.8824,0.004,0.9063,2.4761,0.3799,1.2527,0.4346,0.7574,0.3308,1.0,2.0,SVC,0.4122249573886215,0.40995182867390206,0.4092542633966592,0.40745398699690066
BachChoralHarmony,V15,5665.0,0.2492,0.1253,33.3125,0.0038,0.9044,2.4602,0.3834,1.2419,0.4283,0.7694,0.3664,1.0,2.0,DecisionTree,0.36004701555618857,0.3712116303176469,0.3665040466980952,0.3594083628434125
BachChoralHarmony,V15,5665.0,0.2492,0.1253,33.3125,0.0038,0.9044,2.4602,0.3834,1.2419,0.4283,0.7694,0.3664,1.0,2.0,LogisticRegression,0.4332944869366644,0.4361254013128913,0.43006487799176996,0.42484635425246087
BachChoralHarmony,V15,5665.0,0.2492,0.1253,33.3125,0.0038,0.9044,2.4602,0.3834,1.2419,0.4283,0.7694,0.3664,1.0,2.0,KNN,0.3773772672085045,0.3879699382868889,0.3803053140900783,0.37556589056771705
BachChoralHarmony,V15,5665.0,0.2492,0.1253,33.3125,0.0038,0.9044,2.4602,0.3834,1.2419,0.4283,0.7694,0.3664,1.0,2.0,RandomForest,0.4019270131630741,0.4100932532240649,0.40533304553402355,0.39813246772843347
BachChoralHarmony,V15,5665.0,0.2492,0.1253,33.3125,0.0038,0.9044,2.4602,0.3834,1.2419,0.4283,0.7694,0.3664,1.0,2.0,AdaBoost,0.030459999306575943,0.037929853845836185,0.03565358339154188,0.021861570434413002
BachChoralHarmony,V15,5665.0,0.2492,0.1253,33.3125,0.0038,0.9044,2.4602,0.3834,1.2419,0.4283,0.7694,0.3664,1.0,2.0,SVC,0.4284474870704404,0.42880827459838006,0.424059599316322,0.41937890957462887
BachChoralHarmony,V15,5665.0,0.1963,0.1237,28.15,0.0035,0.906,2.4743,0.3825,1.2499,0.433,0.7604,0.3394,1.0,2.0,DecisionTree,0.3769302131663759,0.3779996589672775,0.3770323979057677,0.37987179190997855
BachChoralHarmony,V15,5665.0,0.1963,0.1237,28.15,0.0035,0.906,2.4743,0.3825,1.2499,0.433,0.7604,0.3394,1.0,2.0,LogisticRegression,0.45392647095720123,0.4506645072315424,0.4531649412829136,0.4505013246815005
BachChoralHarmony,V15,5665.0,0.1963,0.1237,28.15,0.0035,0.906,2.4743,0.3825,1.2499,0.433,0.7604,0.3394,1.0,2.0,KNN,0.3944392073924712,0.3945706727752005,0.3982039638220078,0.39404527509946696
BachChoralHarmony,V15,5665.0,0.1963,0.1237,28.15,0.0035,0.906,2.4743,0.3825,1.2499,0.433,0.7604,0.3394,1.0,2.0,RandomForest,0.4194901903311166,0.4212257921876683,0.4198726133368909,0.4224761456678677
BachChoralHarmony,V15,5665.0,0.1963,0.1237,28.15,0.0035,0.906,2.4743,0.3825,1.2499,0.433,0.7604,0.3394,1.0,2.0,AdaBoost,0.05475680883588266,0.055471247770574945,0.056605270756696746,0.051044845654140976
BachChoralHarmony,V15,5665.0,0.1963,0.1237,28.15,0.0035,0.906,2.4743,0.3825,1.2499,0.433,0.7604,0.3394,1.0,2.0,SVC,0.43743382737605957,0.4401708236780765,0.44075923787831717,0.44166228741856095
BachChoralHarmony,V15,5665.0,0.1485,0.1223,31.0526,0.0033,0.9057,2.4744,0.3764,1.2483,0.4321,0.7622,0.3446,1.0,2.0,DecisionTree,0.39220824135793353,0.39808985650500783,0.3901871843022355,0.3963882773430667
BachChoralHarmony,V15,5665.0,0.1485,0.1223,31.0526,0.0033,0.9057,2.4744,0.3764,1.2483,0.4321,0.7622,0.3446,1.0,2.0,LogisticRegression,0.46293742488299283,0.46310887591091593,0.46213273340499056,0.46462959282651795
BachChoralHarmony,V15,5665.0,0.1485,0.1223,31.0526,0.0033,0.9057,2.4744,0.3764,1.2483,0.4321,0.7622,0.3446,1.0,2.0,KNN,0.41304977703151274,0.41031388136039404,0.41618862501170445,0.4065587013834884
BachChoralHarmony,V15,5665.0,0.1485,0.1223,31.0526,0.0033,0.9057,2.4744,0.3764,1.2483,0.4321,0.7622,0.3446,1.0,2.0,RandomForest,0.43110715602026234,0.43375587464739684,0.43644499760749783,0.4392144595784404
BachChoralHarmony,V15,5665.0,0.1485,0.1223,31.0526,0.0033,0.9057,2.4744,0.3764,1.2483,0.4321,0.7622,0.3446,1.0,2.0,AdaBoost,0.05353619525103562,0.05471167555068567,0.055663752187086815,0.056731729847904575
BachChoralHarmony,V15,5665.0,0.1485,0.1223,31.0526,0.0033,0.9057,2.4744,0.3764,1.2483,0.4321,0.7622,0.3446,1.0,2.0,SVC,0.4593324235334968,0.4620674937165955,0.4619610463248085,0.4635723783387745
BachChoralHarmony,V15,5665.0,0.0996,0.1235,33.1579,0.0031,0.9051,2.4672,0.3799,1.2466,0.431,0.7642,0.3503,1.0,2.0,DecisionTree,0.42134606226918164,0.4111070357220533,0.409000223832322,0.4089258660916143
BachChoralHarmony,V15,5665.0,0.0996,0.1235,33.1579,0.0031,0.9051,2.4672,0.3799,1.2466,0.431,0.7642,0.3503,1.0,2.0,LogisticRegression,0.4822745038685688,0.48014992860058703,0.48031618701440976,0.4816011188908488
BachChoralHarmony,V15,5665.0,0.0996,0.1235,33.1579,0.0031,0.9051,2.4672,0.3799,1.2466,0.431,0.7642,0.3503,1.0,2.0,KNN,0.442025767610578,0.43815102848644544,0.4371128059045448,0.43545694233022725
BachChoralHarmony,V15,5665.0,0.0996,0.1235,33.1579,0.0031,0.9051,2.4672,0.3799,1.2466,0.431,0.7642,0.3503,1.0,2.0,RandomForest,0.45845890218833396,0.45503503734601275,0.451056314382142,0.45258509593324364
BachChoralHarmony,V15,5665.0,0.0996,0.1235,33.1579,0.0031,0.9051,2.4672,0.3799,1.2466,0.431,0.7642,0.3503,1.0,2.0,AdaBoost,0.0365878633287357,0.05863883633866959,0.05783828303149699,0.0584001108831469
BachChoralHarmony,V15,5665.0,0.0996,0.1235,33.1579,0.0031,0.9051,2.4672,0.3799,1.2466,0.431,0.7642,0.3503,1.0,2.0,SVC,0.48287354197602417,0.4795979359376178,0.47417519979947353,0.47484380960529926
BachChoralHarmony,V15,5665.0,0.0464,0.1211,29.7273,0.003,0.9057,2.4729,0.3795,1.251,0.4336,0.7592,0.336,1.0,2.0,DecisionTree,0.4252862480855956,0.4266232077971374,0.42518612764470404,0.4226588473586142
BachChoralHarmony,V15,5665.0,0.0464,0.1211,29.7273,0.003,0.9057,2.4729,0.3795,1.251,0.4336,0.7592,0.336,1.0,2.0,LogisticRegression,0.5009701941752911,0.49796089793274023,0.4960192030730813,0.49487855044509566
BachChoralHarmony,V15,5665.0,0.0464,0.1211,29.7273,0.003,0.9057,2.4729,0.3795,1.251,0.4336,0.7592,0.336,1.0,2.0,KNN,0.45353771444987223,0.4541461223030573,0.4512748791307549,0.4525796476926231
BachChoralHarmony,V15,5665.0,0.0464,0.1211,29.7273,0.003,0.9057,2.4729,0.3795,1.251,0.4336,0.7592,0.336,1.0,2.0,RandomForest,0.4687354508780318,0.471443416989041,0.4715038006054719,0.46953729001081623
BachChoralHarmony,V15,5665.0,0.0464,0.1211,29.7273,0.003,0.9057,2.4729,0.3795,1.251,0.4336,0.7592,0.336,1.0,2.0,AdaBoost,0.05574727123117585,0.05596418927266208,0.05888481842128178,0.05768541878802053
BachChoralHarmony,V15,5665.0,0.0464,0.1211,29.7273,0.003,0.9057,2.4729,0.3795,1.251,0.4336,0.7592,0.336,1.0,2.0,SVC,0.49815589817680234,0.49865011720836727,0.4942999832709819,0.4928633369073997
bank,housing,3074.0,0.5039,0.5482,1.2134,0.0013,0.4957,0.6885,9.8648,2.5482,0.4977,0.4517,0.1232,2.0,3.0,DecisionTree,0.8632667636483369,0.871711329845923,0.8713661069981767,0.8592901851369337
bank,housing,3074.0,0.5039,0.5482,1.2134,0.0013,0.4957,0.6885,9.8648,2.5482,0.4977,0.4517,0.1232,2.0,3.0,LogisticRegression,0.8560232366760395,0.8591908845249006,0.8578770850523538,0.8577618499887323
bank,housing,3074.0,0.5039,0.5482,1.2134,0.0013,0.4957,0.6885,9.8648,2.5482,0.4977,0.4517,0.1232,2.0,3.0,KNN,0.8555403912991769,0.8578400184161871,0.8601592232052644,0.8585123384675564
bank,housing,3074.0,0.5039,0.5482,1.2134,0.0013,0.4957,0.6885,9.8648,2.5482,0.4977,0.4517,0.1232,2.0,3.0,RandomForest,0.8596637934124829,0.8576358732575499,0.8608635445082429,0.8585618931118104
bank,housing,3074.0,0.5039,0.5482,1.2134,0.0013,0.4957,0.6885,9.8648,2.5482,0.4977,0.4517,0.1232,2.0,3.0,AdaBoost,0.8654796192992807,0.8660969332513437,0.8632557630385527,0.8663084520518025
bank,housing,3074.0,0.5039,0.5482,1.2134,0.0013,0.4957,0.6885,9.8648,2.5482,0.4977,0.4517,0.1232,2.0,3.0,SVC,0.8558547367653915,0.8532708975415034,0.8563885634358825,0.8584075430757963
bank,housing,3074.0,0.4372,0.5671,1.3097,0.0012,0.4913,0.6841,27.5145,2.5671,0.4955,0.4327,0.1271,2.0,3.0,DecisionTree,0.8642626885836333,0.8713113639964396,0.8687995641109743,0.8656659677885169
bank,housing,3074.0,0.4372,0.5671,1.3097,0.0012,0.4913,0.6841,27.5145,2.5671,0.4955,0.4327,0.1271,2.0,3.0,LogisticRegression,0.8577463139170862,0.8595877916977195,0.8578046817547844,0.8577914424751671
bank,housing,3074.0,0.4372,0.5671,1.3097,0.0012,0.4913,0.6841,27.5145,2.5671,0.4955,0.4327,0.1271,2.0,3.0,KNN,0.8623966229551658,0.8629434364237667,0.8619007362582872,0.8604004216987091
bank,housing,3074.0,0.4372,0.5671,1.3097,0.0012,0.4913,0.6841,27.5145,2.5671,0.4955,0.4327,0.1271,2.0,3.0,RandomForest,0.8616264129898404,0.8649312701169726,0.8626327310023323,0.8602713782339083
bank,housing,3074.0,0.4372,0.5671,1.3097,0.0012,0.4913,0.6841,27.5145,2.5671,0.4955,0.4327,0.1271,2.0,3.0,AdaBoost,0.8630024297630854,0.8661822526330696,0.8642070463371052,0.864666153574435
bank,housing,3074.0,0.4372,0.5671,1.3097,0.0012,0.4913,0.6841,27.5145,2.5671,0.4955,0.4327,0.1271,2.0,3.0,SVC,0.8512828389750081,0.8530493231320673,0.8526183345634633,0.8503067742142189
bank,housing,3074.0,0.3907,0.5675,1.3123,0.0011,0.4911,0.684,27.5327,2.5675,0.4954,0.4323,0.1272,2.0,3.0,DecisionTree,0.8717180567192238,0.8719921682504402,0.8713349019876795,0.8592901851369337
bank,housing,3074.0,0.3907,0.5675,1.3123,0.0011,0.4911,0.684,27.5327,2.5675,0.4954,0.4323,0.1272,2.0,3.0,LogisticRegression,0.8577972949122326,0.8575912181718126,0.856477532599917,0.8593399062533944
bank,housing,3074.0,0.3907,0.5675,1.3123,0.0011,0.4911,0.684,27.5327,2.5675,0.4954,0.4323,0.1272,2.0,3.0,KNN,0.8624357177227834,0.8588709005094886,0.859734629201614,0.8557482939411594
bank,housing,3074.0,0.3907,0.5675,1.3123,0.0011,0.4911,0.684,27.5327,2.5675,0.4954,0.4323,0.1272,2.0,3.0,RandomForest,0.8621513217855011,0.8660443290974359,0.8664659719794293,0.862698275613842
bank,housing,3074.0,0.3907,0.5675,1.3123,0.0011,0.4911,0.684,27.5327,2.5675,0.4954,0.4323,0.1272,2.0,3.0,AdaBoost,0.8666845830109731,0.8646039578172467,0.8642304438912076,0.8663084520518025
bank,housing,3074.0,0.3907,0.5675,1.3123,0.0011,0.4911,0.684,27.5327,2.5675,0.4954,0.4323,0.1272,2.0,3.0,SVC,0.8577436842215775,0.8576451656396693,0.8584226602110938,0.8530535916773017
bank,housing,3074.0,0.3709,0.5533,1.2384,0.001,0.4946,0.6875,10.2443,2.5533,0.4972,0.4466,0.1241,2.0,3.0,DecisionTree,0.8632968786114077,0.8665354241902211,0.8627568410365555,0.8602981170563552
bank,housing,3074.0,0.3709,0.5533,1.2384,0.001,0.4946,0.6875,10.2443,2.5533,0.4972,0.4466,0.1241,2.0,3.0,LogisticRegression,0.8578194051457784,0.8568945263285263,0.8579928322758104,0.856924868104151
bank,housing,3074.0,0.3709,0.5533,1.2384,0.001,0.4946,0.6875,10.2443,2.5533,0.4972,0.4466,0.1241,2.0,3.0,KNN,0.8659856000501737,0.8664159321834713,0.8657849772158366,0.8651135490905021
bank,housing,3074.0,0.3709,0.5533,1.2384,0.001,0.4946,0.6875,10.2443,2.5533,0.4972,0.4466,0.1241,2.0,3.0,RandomForest,0.8654037214027566,0.8632686330574755,0.8642498224319795,0.8644520201055764
bank,housing,3074.0,0.3709,0.5533,1.2384,0.001,0.4946,0.6875,10.2443,2.5533,0.4972,0.4466,0.1241,2.0,3.0,AdaBoost,0.862268013224649,0.863691285818511,0.865730004912862,0.8617511397746339
bank,housing,3074.0,0.3709,0.5533,1.2384,0.001,0.4946,0.6875,10.2443,2.5533,0.4972,0.4466,0.1241,2.0,3.0,SVC,0.8565737495871336,0.858249039318614,0.8601846954370145,0.8534831385020922
bank,housing,3074.0,0.3149,0.5613,1.2792,0.0009,0.4927,0.6856,10.844,2.5613,0.4962,0.4386,0.1258,2.0,3.0,DecisionTree,0.8697087447646111,0.8722540666594883,0.8713162181525997,0.8586438288352437
bank,housing,3074.0,0.3149,0.5613,1.2792,0.0009,0.4927,0.6856,10.844,2.5613,0.4962,0.4386,0.1258,2.0,3.0,LogisticRegression,0.8562271762719267,0.8583800786901312,0.8563107119232551,0.8566833044351523
bank,housing,3074.0,0.3149,0.5613,1.2792,0.0009,0.4927,0.6856,10.844,2.5613,0.4962,0.4386,0.1258,2.0,3.0,KNN,0.8602042990584187,0.8618398113463996,0.8607893646968672,0.8648182618651754
bank,housing,3074.0,0.3149,0.5613,1.2792,0.0009,0.4927,0.6856,10.844,2.5613,0.4962,0.4386,0.1258,2.0,3.0,RandomForest,0.8610677827610371,0.86218159832671,0.8641452348823038,0.8648177049945283
bank,housing,3074.0,0.3149,0.5613,1.2792,0.0009,0.4927,0.6856,10.844,2.5613,0.4962,0.4386,0.1258,2.0,3.0,AdaBoost,0.8633936077207296,0.8635607030178953,0.863928819544772,0.8609684731327175
bank,housing,3074.0,0.3149,0.5613,1.2792,0.0009,0.4927,0.6856,10.844,2.5613,0.4962,0.4386,0.1258,2.0,3.0,SVC,0.8566939060369032,0.8565048956683158,0.8564749712142321,0.8597039055348221
bank,housing,3074.0,0.2515,0.5684,1.3172,0.0009,0.4908,0.6837,16.778,2.5684,0.4953,0.4313,0.1275,2.0,3.0,DecisionTree,0.8699166415999628,0.8692037634336757,0.8691759823156707,0.8578971201699401
bank,housing,3074.0,0.2515,0.5684,1.3172,0.0009,0.4908,0.6837,16.778,2.5684,0.4953,0.4313,0.1275,2.0,3.0,LogisticRegression,0.8546457016871802,0.8566785906724784,0.8548430144851765,0.8575185687814735
bank,housing,3074.0,0.2515,0.5684,1.3172,0.0009,0.4908,0.6837,16.778,2.5684,0.4953,0.4313,0.1275,2.0,3.0,KNN,0.8598785114630786,0.8597325102863043,0.860891240293125,0.8588065908693949
bank,housing,3074.0,0.2515,0.5684,1.3172,0.0009,0.4908,0.6837,16.778,2.5684,0.4953,0.4313,0.1275,2.0,3.0,RandomForest,0.8596517723053687,0.8606286905962047,0.8646529237607501,0.8607166923809192
bank,housing,3074.0,0.2515,0.5684,1.3172,0.0009,0.4908,0.6837,16.778,2.5684,0.4953,0.4313,0.1275,2.0,3.0,AdaBoost,0.8649510299080455,0.8633372874169872,0.86306705851827,0.8663084520518025
bank,housing,3074.0,0.2515,0.5684,1.3172,0.0009,0.4908,0.6837,16.778,2.5684,0.4953,0.4313,0.1275,2.0,3.0,SVC,0.85550434552383,0.8524227027242322,0.8530167223822477,0.8525254234046595
bank,housing,3074.0,0.1949,0.5612,1.279,0.0008,0.4927,0.6856,27.2955,2.5612,0.4962,0.4386,0.1257,2.0,3.0,DecisionTree,0.867908048089305,0.8671352151883551,0.8690317132048581,0.8676168943473973
bank,housing,3074.0,0.1949,0.5612,1.279,0.0008,0.4927,0.6856,27.2955,2.5612,0.4962,0.4386,0.1257,2.0,3.0,LogisticRegression,0.8564075479137058,0.8555156770566632,0.8573278190906547,0.8560305328924326
bank,housing,3074.0,0.1949,0.5612,1.279,0.0008,0.4927,0.6856,27.2955,2.5612,0.4962,0.4386,0.1257,2.0,3.0,KNN,0.8604594488318105,0.860416227052481,0.8608581728404283,0.8605502955112049
bank,housing,3074.0,0.1949,0.5612,1.279,0.0008,0.4927,0.6856,27.2955,2.5612,0.4962,0.4386,0.1257,2.0,3.0,RandomForest,0.8680307663444949,0.8684263138217081,0.869291903295274,0.8675372347111276
bank,housing,3074.0,0.1949,0.5612,1.279,0.0008,0.4927,0.6856,27.2955,2.5612,0.4962,0.4386,0.1257,2.0,3.0,AdaBoost,0.8667782603875591,0.8627601728102408,0.8634820434060125,0.8648130979050376
bank,housing,3074.0,0.1949,0.5612,1.279,0.0008,0.4927,0.6856,27.2955,2.5612,0.4962,0.4386,0.1257,2.0,3.0,SVC,0.8589008815717352,0.8593143162893516,0.8591070212948816,0.8554863309398135
bank,housing,3074.0,0.1653,0.5577,1.2608,0.0008,0.4935,0.6865,27.1629,2.5577,0.4967,0.4422,0.125,2.0,3.0,DecisionTree,0.8649287127159427,0.8683768204242901,0.8680070137098664,0.8632064084292861
bank,housing,3074.0,0.1653,0.5577,1.2608,0.0008,0.4935,0.6865,27.1629,2.5577,0.4967,0.4422,0.125,2.0,3.0,LogisticRegression,0.8578291210026078,0.8576223792886575,0.856914838886537,0.8572850520485439
bank,housing,3074.0,0.1653,0.5577,1.2608,0.0008,0.4935,0.6865,27.1629,2.5577,0.4967,0.4422,0.125,2.0,3.0,KNN,0.8639319207845062,0.8627131158514146,0.8622667484799197,0.8614545633639975
bank,housing,3074.0,0.1653,0.5577,1.2608,0.0008,0.4935,0.6865,27.1629,2.5577,0.4967,0.4422,0.125,2.0,3.0,RandomForest,0.8692119049646739,0.8693577170369826,0.8723319948476653,0.8700200104266047
bank,housing,3074.0,0.1653,0.5577,1.2608,0.0008,0.4935,0.6865,27.1629,2.5577,0.4967,0.4422,0.125,2.0,3.0,AdaBoost,0.8646945644014126,0.8637195687837894,0.8638373875635579,0.861551730439251
bank,housing,3074.0,0.1653,0.5577,1.2608,0.0008,0.4935,0.6865,27.1629,2.5577,0.4967,0.4422,0.125,2.0,3.0,SVC,0.8609344813293988,0.860072972612695,0.8583706983499937,0.8572309316296505
bank,housing,3074.0,0.0995,0.5647,1.2971,0.0007,0.4918,0.6848,11.1001,2.5647,0.4958,0.4352,0.1265,2.0,3.0,DecisionTree,0.868722132885695,0.8633662250021842,0.8695216374532302,0.8651636988468624
bank,housing,3074.0,0.0995,0.5647,1.2971,0.0007,0.4918,0.6848,11.1001,2.5647,0.4958,0.4352,0.1265,2.0,3.0,LogisticRegression,0.8571751781424737,0.8575908643582228,0.8575908643582228,0.8571466922399197
bank,housing,3074.0,0.0995,0.5647,1.2971,0.0007,0.4918,0.6848,11.1001,2.5647,0.4958,0.4352,0.1265,2.0,3.0,KNN,0.8620018160690682,0.8615560410601288,0.8615560410601288,0.8599831261638334
bank,housing,3074.0,0.0995,0.5647,1.2971,0.0007,0.4918,0.6848,11.1001,2.5647,0.4958,0.4352,0.1265,2.0,3.0,RandomForest,0.8641894477643826,0.8619147508755987,0.8659417763497705,0.8643858528069239
bank,housing,3074.0,0.0995,0.5647,1.2971,0.0007,0.4918,0.6848,11.1001,2.5647,0.4958,0.4352,0.1265,2.0,3.0,AdaBoost,0.8667710459584347,0.8642889166521328,0.8643675894645254,0.8662410044305706
bank,housing,3074.0,0.0995,0.5647,1.2971,0.0007,0.4918,0.6848,11.1001,2.5647,0.4958,0.4352,0.1265,2.0,3.0,SVC,0.8542995267390473,0.8568101869857133,0.8572186307569303,0.857260693248473
bank,housing,3074.0,0.0468,0.559,1.2678,0.0007,0.4932,0.6862,27.2142,2.559,0.4965,0.4408,0.1253,2.0,3.0,DecisionTree,0.868312182662968,0.8686811045346633,0.868312182662968,0.8679315989603575
bank,housing,3074.0,0.0468,0.559,1.2678,0.0007,0.4932,0.6862,27.2142,2.559,0.4965,0.4408,0.1253,2.0,3.0,LogisticRegression,0.856320378384906,0.8560644519393548,0.8562700444601873,0.856887029970399
bank,housing,3074.0,0.0468,0.559,1.2678,0.0007,0.4932,0.6862,27.2142,2.559,0.4965,0.4408,0.1253,2.0,3.0,KNN,0.8646057778564913,0.8635514735471511,0.8635514735471511,0.8635514735471511
bank,housing,3074.0,0.0468,0.559,1.2678,0.0007,0.4932,0.6862,27.2142,2.559,0.4965,0.4408,0.1253,2.0,3.0,RandomForest,0.8670058156479653,0.8681001883812232,0.8650874083195161,0.8667902227902476
bank,housing,3074.0,0.0468,0.559,1.2678,0.0007,0.4932,0.6862,27.2142,2.559,0.4965,0.4408,0.1253,2.0,3.0,AdaBoost,0.8625605884306287,0.8663098797487154,0.8663098797487154,0.8639877637701485
bank,housing,3074.0,0.0468,0.559,1.2678,0.0007,0.4932,0.6862,27.2142,2.559,0.4965,0.4408,0.1253,2.0,3.0,SVC,0.8601482910505257,0.8588926497701878,0.8588926497701878,0.8590993698452468
bank,contact,3074.0,0.5104,0.6465,8.6106,0.002,0.4992,0.8324,10.8399,7.7967,0.5587,0.4935,0.4447,7.0,9.0,DecisionTree,0.8693866711501121,0.8692591119333657,0.872707902759756,0.8692591119333657
bank,contact,3074.0,0.5104,0.6465,8.6106,0.002,0.4992,0.8324,10.8399,7.7967,0.5587,0.4935,0.4447,7.0,9.0,LogisticRegression,0.8535178378180844,0.8557360417272503,0.8561768703154851,0.8544168747087104
bank,contact,3074.0,0.5104,0.6465,8.6106,0.002,0.4992,0.8324,10.8399,7.7967,0.5587,0.4935,0.4447,7.0,9.0,KNN,0.8533308149711347,0.8551870998005757,0.8549211346067107,0.8556006907776995
bank,contact,3074.0,0.5104,0.6465,8.6106,0.002,0.4992,0.8324,10.8399,7.7967,0.5587,0.4935,0.4447,7.0,9.0,RandomForest,0.8581634115832881,0.8559774160602325,0.85839746551574,0.8584234017552512
bank,contact,3074.0,0.5104,0.6465,8.6106,0.002,0.4992,0.8324,10.8399,7.7967,0.5587,0.4935,0.4447,7.0,9.0,AdaBoost,0.8608984635366844,0.8634262913733803,0.8632153048872031,0.8660464986403055
bank,contact,3074.0,0.5104,0.6465,8.6106,0.002,0.4992,0.8324,10.8399,7.7967,0.5587,0.4935,0.4447,7.0,9.0,SVC,0.8513464006008566,0.8517088845620143,0.8545367325765495,0.8547064864560288
bank,contact,3074.0,0.4616,0.6393,8.9661,0.0018,0.5028,0.8332,10.8346,7.7819,0.5596,0.496,0.4301,7.0,9.0,DecisionTree,0.8670657107651559,0.8695815464854185,0.8682533477275006,0.8651859052073293
bank,contact,3074.0,0.4616,0.6393,8.9661,0.0018,0.5028,0.8332,10.8346,7.7819,0.5596,0.496,0.4301,7.0,9.0,LogisticRegression,0.8508880284103879,0.856571625845843,0.8565733499839797,0.8545774996663575
bank,contact,3074.0,0.4616,0.6393,8.9661,0.0018,0.5028,0.8332,10.8346,7.7819,0.5596,0.496,0.4301,7.0,9.0,KNN,0.8580122315831127,0.8604717909663984,0.8606720659929384,0.8578271445610595
bank,contact,3074.0,0.4616,0.6393,8.9661,0.0018,0.5028,0.8332,10.8346,7.7819,0.5596,0.496,0.4301,7.0,9.0,RandomForest,0.8596785563610794,0.8624179203575448,0.8593911273093995,0.8609995937728017
bank,contact,3074.0,0.4616,0.6393,8.9661,0.0018,0.5028,0.8332,10.8346,7.7819,0.5596,0.496,0.4301,7.0,9.0,AdaBoost,0.8623703993212817,0.8613443605567928,0.8609493409742393,0.8648051808813413
bank,contact,3074.0,0.4616,0.6393,8.9661,0.0018,0.5028,0.8332,10.8346,7.7819,0.5596,0.496,0.4301,7.0,9.0,SVC,0.8533711983302208,0.8586730348873455,0.8578030329716364,0.8538841216629689
bank,contact,3074.0,0.3881,0.6337,9.3125,0.0016,0.5051,0.8328,10.7567,7.7698,0.5597,0.4977,0.4189,7.0,9.0,DecisionTree,0.8712757303434735,0.8721779217325527,0.8720805825834176,0.8732878878725614
bank,contact,3074.0,0.3881,0.6337,9.3125,0.0016,0.5051,0.8328,10.7567,7.7698,0.5597,0.4977,0.4189,7.0,9.0,LogisticRegression,0.8559609305123217,0.8563826798750118,0.8550447712148151,0.8570538791580843
bank,contact,3074.0,0.3881,0.6337,9.3125,0.0016,0.5051,0.8328,10.7567,7.7698,0.5597,0.4977,0.4189,7.0,9.0,KNN,0.8594500808940533,0.8607902111706972,0.8610086640467962,0.8609933938178198
bank,contact,3074.0,0.3881,0.6337,9.3125,0.0016,0.5051,0.8328,10.7567,7.7698,0.5597,0.4977,0.4189,7.0,9.0,RandomForest,0.8605900097016723,0.8583008461424816,0.8580661205285877,0.8581600645575598
bank,contact,3074.0,0.3881,0.6337,9.3125,0.0016,0.5051,0.8328,10.7567,7.7698,0.5597,0.4977,0.4189,7.0,9.0,AdaBoost,0.8631874491387997,0.8635914760691245,0.8626123922065737,0.8659745589679553
bank,contact,3074.0,0.3881,0.6337,9.3125,0.0016,0.5051,0.8328,10.7567,7.7698,0.5597,0.4977,0.4189,7.0,9.0,SVC,0.852090668971427,0.8529456756341438,0.8533568953669067,0.8529132201322163
bank,contact,3074.0,0.3331,0.6361,9.1189,0.0015,0.5042,0.8335,10.8297,7.7756,0.56,0.4971,0.424,7.0,9.0,DecisionTree,0.8686302431679312,0.8675234091417314,0.8681757756836854,0.8669120097947397
bank,contact,3074.0,0.3331,0.6361,9.1189,0.0015,0.5042,0.8335,10.8297,7.7756,0.56,0.4971,0.424,7.0,9.0,LogisticRegression,0.8546493111554432,0.8550848479504817,0.8546164415502802,0.8546495583526834
bank,contact,3074.0,0.3331,0.6361,9.1189,0.0015,0.5042,0.8335,10.8297,7.7756,0.56,0.4971,0.424,7.0,9.0,KNN,0.8552349762624921,0.8554758838896723,0.8539430921693921,0.8556803452060467
bank,contact,3074.0,0.3331,0.6361,9.1189,0.0015,0.5042,0.8335,10.8297,7.7756,0.56,0.4971,0.424,7.0,9.0,RandomForest,0.8634875033514562,0.8613487952431973,0.8624302713710947,0.8620385339145321
bank,contact,3074.0,0.3331,0.6361,9.1189,0.0015,0.5042,0.8335,10.8297,7.7756,0.56,0.4971,0.424,7.0,9.0,AdaBoost,0.8675063101224747,0.8652880558917018,0.8615518053397305,0.8632600202311145
bank,contact,3074.0,0.3331,0.6361,9.1189,0.0015,0.5042,0.8335,10.8297,7.7756,0.56,0.4971,0.424,7.0,9.0,SVC,0.8537906736091712,0.853098679252293,0.8539744075895823,0.8537268938261147
bank,contact,3074.0,0.3006,0.6349,9.6809,0.0014,0.5031,0.8282,10.9075,7.766,0.5571,0.4952,0.4179,7.0,9.0,DecisionTree,0.8707192647261126,0.8694453149474971,0.8687042272380482,0.8697913769276047
bank,contact,3074.0,0.3006,0.6349,9.6809,0.0014,0.5031,0.8282,10.9075,7.766,0.5571,0.4952,0.4179,7.0,9.0,LogisticRegression,0.855829467936206,0.856953227824518,0.8562371966549069,0.8560325652599821
bank,contact,3074.0,0.3006,0.6349,9.6809,0.0014,0.5031,0.8282,10.9075,7.766,0.5571,0.4952,0.4179,7.0,9.0,KNN,0.8601967191779548,0.8597413795266915,0.859295685988758,0.8599474790591938
bank,contact,3074.0,0.3006,0.6349,9.6809,0.0014,0.5031,0.8282,10.9075,7.766,0.5571,0.4952,0.4179,7.0,9.0,RandomForest,0.8634601977525407,0.8664580253376185,0.864062959577067,0.8642739793018586
bank,contact,3074.0,0.3006,0.6349,9.6809,0.0014,0.5031,0.8282,10.9075,7.766,0.5571,0.4952,0.4179,7.0,9.0,AdaBoost,0.8655605960559138,0.8661102859640682,0.8656499261731654,0.8658461931800951
bank,contact,3074.0,0.3006,0.6349,9.6809,0.0014,0.5031,0.8282,10.9075,7.766,0.5571,0.4952,0.4179,7.0,9.0,SVC,0.8531512341333838,0.8538404924525247,0.8539770707313574,0.8544239382192061
bank,contact,3074.0,0.2599,0.6444,9.6447,0.0013,0.4971,0.8227,13.1367,7.778,0.5535,0.4896,0.4334,7.0,9.0,DecisionTree,0.8706716314904177,0.8699550303824617,0.8700966199390581,0.8699550303824617
bank,contact,3074.0,0.2599,0.6444,9.6447,0.0013,0.4971,0.8227,13.1367,7.778,0.5535,0.4896,0.4334,7.0,9.0,LogisticRegression,0.8556460242697675,0.8560642470028433,0.8553987675127427,0.8557982096769081
bank,contact,3074.0,0.2599,0.6444,9.6447,0.0013,0.4971,0.8227,13.1367,7.778,0.5535,0.4896,0.4334,7.0,9.0,KNN,0.8594167106334523,0.8570869799391418,0.8571144547844414,0.8568863840102389
bank,contact,3074.0,0.2599,0.6444,9.6447,0.0013,0.4971,0.8227,13.1367,7.778,0.5535,0.4896,0.4334,7.0,9.0,RandomForest,0.8647105484201149,0.8609157166393793,0.861464296325446,0.8615840877044751
bank,contact,3074.0,0.2599,0.6444,9.6447,0.0013,0.4971,0.8227,13.1367,7.778,0.5535,0.4896,0.4334,7.0,9.0,AdaBoost,0.8628517193680029,0.8638515583450422,0.8581158005618319,0.8665606187575504
bank,contact,3074.0,0.2599,0.6444,9.6447,0.0013,0.4971,0.8227,13.1367,7.778,0.5535,0.4896,0.4334,7.0,9.0,SVC,0.8548512041225074,0.8535980792518247,0.8558706723354808,0.852993100689344
bank,contact,3074.0,0.2036,0.643,10.2208,0.0012,0.4963,0.8179,11.0667,7.7688,0.551,0.4876,0.4264,7.0,9.0,DecisionTree,0.8687913096241285,0.8710373643166764,0.8708227229187513,0.8710373643166764
bank,contact,3074.0,0.2036,0.643,10.2208,0.0012,0.4963,0.8179,11.0667,7.7688,0.551,0.4876,0.4264,7.0,9.0,LogisticRegression,0.8560189835392101,0.8569061245007592,0.8566794814862078,0.8564787592456843
bank,contact,3074.0,0.2036,0.643,10.2208,0.0012,0.4963,0.8179,11.0667,7.7688,0.551,0.4876,0.4264,7.0,9.0,KNN,0.8608205507816562,0.8620727629647913,0.861676212776451,0.8629009092984699
bank,contact,3074.0,0.2036,0.643,10.2208,0.0012,0.4963,0.8179,11.0667,7.7688,0.551,0.4876,0.4264,7.0,9.0,RandomForest,0.8640576864408099,0.8655622492211403,0.8664435014736735,0.8627913219282338
bank,contact,3074.0,0.2036,0.643,10.2208,0.0012,0.4963,0.8179,11.0667,7.7688,0.551,0.4876,0.4264,7.0,9.0,AdaBoost,0.8642486394300658,0.8594754065942767,0.865644168598219,0.8630097231691787
bank,contact,3074.0,0.2036,0.643,10.2208,0.0012,0.4963,0.8179,11.0667,7.7688,0.551,0.4876,0.4264,7.0,9.0,SVC,0.854147888194467,0.8580654325546379,0.8591506418509007,0.858669018965153
bank,contact,3074.0,0.1617,0.6391,8.9027,0.0012,0.503,0.834,10.8218,7.7827,0.5601,0.4964,0.4303,7.0,9.0,DecisionTree,0.8717733013867539,0.8728972415114677,0.8728972415114677,0.8685427980275794
bank,contact,3074.0,0.1617,0.6391,8.9027,0.0012,0.503,0.834,10.8218,7.7827,0.5601,0.4964,0.4303,7.0,9.0,LogisticRegression,0.855475722218706,0.8552275850130824,0.8556859316423681,0.8555256391375043
bank,contact,3074.0,0.1617,0.6391,8.9027,0.0012,0.503,0.834,10.8218,7.7827,0.5601,0.4964,0.4303,7.0,9.0,KNN,0.8580438713142963,0.8601512977326919,0.8601512977326919,0.8584275260089816
bank,contact,3074.0,0.1617,0.6391,8.9027,0.0012,0.503,0.834,10.8218,7.7827,0.5601,0.4964,0.4303,7.0,9.0,RandomForest,0.8614908331394017,0.8634288490285341,0.8627121377375002,0.8644232146967061
bank,contact,3074.0,0.1617,0.6391,8.9027,0.0012,0.503,0.834,10.8218,7.7827,0.5601,0.4964,0.4303,7.0,9.0,AdaBoost,0.8645968374133907,0.8636354275422338,0.8635965619124794,0.8646683692644396
bank,contact,3074.0,0.1617,0.6391,8.9027,0.0012,0.503,0.834,10.8218,7.7827,0.5601,0.4964,0.4303,7.0,9.0,SVC,0.8553518855709251,0.8579064389429666,0.8577305277440775,0.8563985875224215
bank,contact,3074.0,0.1018,0.636,9.4409,0.0011,0.5032,0.83,13.0788,7.7707,0.5581,0.4957,0.4215,7.0,9.0,DecisionTree,0.8677979981014033,0.8676410290178789,0.8676410290178789,0.868248767062902
bank,contact,3074.0,0.1018,0.636,9.4409,0.0011,0.5032,0.83,13.0788,7.7707,0.5581,0.4957,0.4215,7.0,9.0,LogisticRegression,0.8557946611701323,0.8555417981341238,0.8555417981341238,0.8553434605252177
bank,contact,3074.0,0.1018,0.636,9.4409,0.0011,0.5032,0.83,13.0788,7.7707,0.5581,0.4957,0.4215,7.0,9.0,KNN,0.8614421803780672,0.8597453917886744,0.859981214804485,0.8597453917886744
bank,contact,3074.0,0.1018,0.636,9.4409,0.0011,0.5032,0.83,13.0788,7.7707,0.5581,0.4957,0.4215,7.0,9.0,RandomForest,0.8660975946121386,0.8633577528298916,0.8615776986364156,0.862641872010916
bank,contact,3074.0,0.1018,0.636,9.4409,0.0011,0.5032,0.83,13.0788,7.7707,0.5581,0.4957,0.4215,7.0,9.0,AdaBoost,0.8631941548771399,0.8673731053971556,0.8668818874081113,0.863386051686267
bank,contact,3074.0,0.1018,0.636,9.4409,0.0011,0.5032,0.83,13.0788,7.7707,0.5581,0.4957,0.4215,7.0,9.0,SVC,0.8544507412621046,0.8550717279690436,0.8540510582076047,0.8546758036847278
bank,contact,3074.0,0.0478,0.6416,9.39,0.001,0.4997,0.8271,13.078,7.7783,0.5561,0.4925,0.4307,7.0,9.0,DecisionTree,0.868538074841347,0.868538074841347,0.8689560441766081,0.868538074841347
bank,contact,3074.0,0.0478,0.6416,9.39,0.001,0.4997,0.8271,13.078,7.7783,0.5561,0.4925,0.4307,7.0,9.0,LogisticRegression,0.856924154084327,0.8557946611701323,0.8564640047980732,0.8562585874358702
bank,contact,3074.0,0.0478,0.6416,9.39,0.001,0.4997,0.8271,13.078,7.7783,0.5561,0.4925,0.4307,7.0,9.0,KNN,0.8610403605883433,0.8618832301237396,0.8618832301237396,0.8618832301237396
bank,contact,3074.0,0.0478,0.6416,9.39,0.001,0.4997,0.8271,13.078,7.7783,0.5561,0.4925,0.4307,7.0,9.0,RandomForest,0.8651349695902304,0.8635812818016074,0.8671262674319701,0.8628139329523177
bank,contact,3074.0,0.0478,0.6416,9.39,0.001,0.4997,0.8271,13.078,7.7783,0.5561,0.4925,0.4307,7.0,9.0,AdaBoost,0.8657786649054766,0.8644388075130018,0.8661095100612217,0.8642325074400777
bank,contact,3074.0,0.0478,0.6416,9.39,0.001,0.4997,0.8271,13.078,7.7783,0.5561,0.4925,0.4307,7.0,9.0,SVC,0.8559428322935324,0.8570269438709841,0.8555983072958636,0.8570269438709841
bank,month,3074.0,0.498,0.3124,60.25,0.0078,0.8311,2.0276,0.6523,3.0,0.0,nan,nan,3.0,3.0,DecisionTree,0.8627206895799667,0.8660054593953197,0.8602582824533999,0.8639495165830452
bank,month,3074.0,0.498,0.3124,60.25,0.0078,0.8311,2.0276,0.6523,3.0,0.0,nan,nan,3.0,3.0,LogisticRegression,0.8533059156969055,0.8540437739815553,0.8553728776785796,0.8567278445192981
bank,month,3074.0,0.498,0.3124,60.25,0.0078,0.8311,2.0276,0.6523,3.0,0.0,nan,nan,3.0,3.0,KNN,0.8546767355745919,0.856477399643662,0.8600540078491764,0.865546977836238
bank,month,3074.0,0.498,0.3124,60.25,0.0078,0.8311,2.0276,0.6523,3.0,0.0,nan,nan,3.0,3.0,RandomForest,0.8714483387570342,0.8612901885322217,0.861616932218163,0.8574590410066709
bank,month,3074.0,0.498,0.3124,60.25,0.0078,0.8311,2.0276,0.6523,3.0,0.0,nan,nan,3.0,3.0,AdaBoost,0.8623726195209861,0.8607615581135029,0.867805961907824,0.860734237241541
bank,month,3074.0,0.498,0.3124,60.25,0.0078,0.8311,2.0276,0.6523,3.0,0.0,nan,nan,3.0,3.0,SVC,0.8551115967193343,0.8508210761150601,0.8636427103382284,0.8610004292827272
bank,month,3074.0,0.4372,0.3069,88.5,0.0069,0.8321,2.0235,0.6432,3.0,0.0,nan,nan,3.0,3.0,DecisionTree,0.8652332149278471,0.8697873819683664,0.8730755004862089,0.8680838490226911
bank,month,3074.0,0.4372,0.3069,88.5,0.0069,0.8321,2.0235,0.6432,3.0,0.0,nan,nan,3.0,3.0,LogisticRegression,0.852146792101372,0.8517441523772737,0.8534609892767954,0.853353440134861
bank,month,3074.0,0.4372,0.3069,88.5,0.0069,0.8321,2.0235,0.6432,3.0,0.0,nan,nan,3.0,3.0,KNN,0.8563922069780137,0.8596997213849958,0.8599596470769704,0.8581728927133837
bank,month,3074.0,0.4372,0.3069,88.5,0.0069,0.8321,2.0235,0.6432,3.0,0.0,nan,nan,3.0,3.0,RandomForest,0.8584127534477762,0.859534999430501,0.860375301996199,0.8562622372615416
bank,month,3074.0,0.4372,0.3069,88.5,0.0069,0.8321,2.0235,0.6432,3.0,0.0,nan,nan,3.0,3.0,AdaBoost,0.8599601000213901,0.8634281397012251,0.8652370602726915,0.8574975899427003
bank,month,3074.0,0.4372,0.3069,88.5,0.0069,0.8321,2.0235,0.6432,3.0,0.0,nan,nan,3.0,3.0,SVC,0.855771096886158,0.8552842268891574,0.8610768255937471,0.8575053038067222
bank,month,3074.0,0.3897,0.3012,94.1667,0.0064,0.8348,2.0312,0.6619,3.0,0.0,nan,nan,3.0,3.0,DecisionTree,0.8707060005983773,0.8707889218940927,0.8703584345700355,0.8709111679412043
bank,month,3074.0,0.3897,0.3012,94.1667,0.0064,0.8348,2.0312,0.6619,3.0,0.0,nan,nan,3.0,3.0,LogisticRegression,0.858128603111083,0.8577669435850297,0.8530599806797656,0.8588474393720668
bank,month,3074.0,0.3897,0.3012,94.1667,0.0064,0.8348,2.0312,0.6619,3.0,0.0,nan,nan,3.0,3.0,KNN,0.8628361821979293,0.8634132007800785,0.8518510753779502,0.8649380450482607
bank,month,3074.0,0.3897,0.3012,94.1667,0.0064,0.8348,2.0312,0.6619,3.0,0.0,nan,nan,3.0,3.0,RandomForest,0.8606569367983743,0.8592772151312769,0.8543984161703744,0.8647379976893783
bank,month,3074.0,0.3897,0.3012,94.1667,0.0064,0.8348,2.0312,0.6619,3.0,0.0,nan,nan,3.0,3.0,AdaBoost,0.8644034590204647,0.8667292397873406,0.8614627572961602,0.8668531029904769
bank,month,3074.0,0.3897,0.3012,94.1667,0.0064,0.8348,2.0312,0.6619,3.0,0.0,nan,nan,3.0,3.0,SVC,0.8541406342467552,0.8553859720019068,0.8550491607456363,0.8489371962516377
bank,month,3074.0,0.3617,0.3017,84.5714,0.0061,0.8358,2.042,0.716,3.0,0.0,nan,nan,3.0,3.0,DecisionTree,0.8668333482968666,0.8680811457456896,0.8701922775675333,0.8731137849632951
bank,month,3074.0,0.3617,0.3017,84.5714,0.0061,0.8358,2.042,0.716,3.0,0.0,nan,nan,3.0,3.0,LogisticRegression,0.8525233178760999,0.8628469050652369,0.8557009052096347,0.8590501981718122
bank,month,3074.0,0.3617,0.3017,84.5714,0.0061,0.8358,2.042,0.716,3.0,0.0,nan,nan,3.0,3.0,KNN,0.8554547626282918,0.8593965142621471,0.8576966463925875,0.8611673051354602
bank,month,3074.0,0.3617,0.3017,84.5714,0.0061,0.8358,2.042,0.716,3.0,0.0,nan,nan,3.0,3.0,RandomForest,0.8602011280374615,0.8584835243635587,0.8598516990010655,0.8580046378504561
bank,month,3074.0,0.3617,0.3017,84.5714,0.0061,0.8358,2.042,0.716,3.0,0.0,nan,nan,3.0,3.0,AdaBoost,0.8625995151236893,0.8647948646091732,0.8638594931851249,0.8616726676212937
bank,month,3074.0,0.3617,0.3017,84.5714,0.0061,0.8358,2.042,0.716,3.0,0.0,nan,nan,3.0,3.0,SVC,0.8534053754255386,0.856476801641929,0.8575578460164748,0.8632506876871212
bank,month,3074.0,0.3123,0.3009,79.5,0.0057,0.8341,2.0319,0.6589,3.0,0.0,nan,nan,3.0,3.0,DecisionTree,0.8694308895214496,0.8666552098554161,0.869308591190853,0.8704787441681862
bank,month,3074.0,0.3123,0.3009,79.5,0.0057,0.8341,2.0319,0.6589,3.0,0.0,nan,nan,3.0,3.0,LogisticRegression,0.8581640607776369,0.8582508152517374,0.8492376633370886,0.8593217403055475
bank,month,3074.0,0.3123,0.3009,79.5,0.0057,0.8341,2.0319,0.6589,3.0,0.0,nan,nan,3.0,3.0,KNN,0.8599927748685952,0.8577764640332791,0.8521277323634756,0.8618283642927308
bank,month,3074.0,0.3123,0.3009,79.5,0.0057,0.8341,2.0319,0.6589,3.0,0.0,nan,nan,3.0,3.0,RandomForest,0.8685243328432184,0.8615652000439366,0.8584571506184562,0.8581084942590786
bank,month,3074.0,0.3123,0.3009,79.5,0.0057,0.8341,2.0319,0.6589,3.0,0.0,nan,nan,3.0,3.0,AdaBoost,0.8682835445806286,0.866203070142252,0.858678601244299,0.8640408947051516
bank,month,3074.0,0.3123,0.3009,79.5,0.0057,0.8341,2.0319,0.6589,3.0,0.0,nan,nan,3.0,3.0,SVC,0.8563950703904121,0.8549957813451491,0.850726898548661,0.8539254540343177
bank,month,3074.0,0.2456,0.3053,70.8,0.0052,0.8325,2.0254,0.7134,3.0,0.0,nan,nan,3.0,3.0,DecisionTree,0.8660476945727063,0.8636481574336816,0.8659972558543279,0.8659898357395717
bank,month,3074.0,0.2456,0.3053,70.8,0.0052,0.8325,2.0254,0.7134,3.0,0.0,nan,nan,3.0,3.0,LogisticRegression,0.8561084518440394,0.8558420525491914,0.8520489007585229,0.8546175273418457
bank,month,3074.0,0.2456,0.3053,70.8,0.0052,0.8325,2.0254,0.7134,3.0,0.0,nan,nan,3.0,3.0,KNN,0.8559143641864302,0.8595268008086867,0.8582772571251985,0.8592775685016074
bank,month,3074.0,0.2456,0.3053,70.8,0.0052,0.8325,2.0254,0.7134,3.0,0.0,nan,nan,3.0,3.0,RandomForest,0.8573400411230364,0.8612921233636897,0.8570493293767574,0.8616048542634934
bank,month,3074.0,0.2456,0.3053,70.8,0.0052,0.8325,2.0254,0.7134,3.0,0.0,nan,nan,3.0,3.0,AdaBoost,0.8667850327484293,0.8703042394570515,0.8632010510462914,0.864342977902087
bank,month,3074.0,0.2456,0.3053,70.8,0.0052,0.8325,2.0254,0.7134,3.0,0.0,nan,nan,3.0,3.0,SVC,0.8525954403630593,0.8508348130019886,0.8495581522374345,0.8498379304957409
bank,month,3074.0,0.1949,0.3059,75.7,0.0048,0.8324,2.0258,0.6457,3.0,0.0,nan,nan,3.0,3.0,DecisionTree,0.8695981181256369,0.8657496715032421,0.8693810767712589,0.8654558820447322
bank,month,3074.0,0.1949,0.3059,75.7,0.0048,0.8324,2.0258,0.6457,3.0,0.0,nan,nan,3.0,3.0,LogisticRegression,0.853253723841663,0.8561988562621388,0.8562052396756407,0.8513036182980975
bank,month,3074.0,0.1949,0.3059,75.7,0.0048,0.8324,2.0258,0.6457,3.0,0.0,nan,nan,3.0,3.0,KNN,0.8562302270918598,0.8583247837463015,0.8581484678297953,0.858771724267538
bank,month,3074.0,0.1949,0.3059,75.7,0.0048,0.8324,2.0258,0.6457,3.0,0.0,nan,nan,3.0,3.0,RandomForest,0.8600806270787349,0.8614728172337157,0.8587835128699177,0.8632217208936953
bank,month,3074.0,0.1949,0.3059,75.7,0.0048,0.8324,2.0258,0.6457,3.0,0.0,nan,nan,3.0,3.0,AdaBoost,0.8608814372388373,0.8657788658484626,0.8668194132837438,0.8595079774128538
bank,month,3074.0,0.1949,0.3059,75.7,0.0048,0.8324,2.0258,0.6457,3.0,0.0,nan,nan,3.0,3.0,SVC,0.8514933036310282,0.8499677055787136,0.8525628670706695,0.8460730498810074
bank,month,3074.0,0.1503,0.3028,79.1,0.0046,0.8344,2.0353,0.7157,3.0,0.0,nan,nan,3.0,3.0,DecisionTree,0.8685017828435153,0.8685402707372913,0.8694707383493806,0.8670084675430945
bank,month,3074.0,0.1503,0.3028,79.1,0.0046,0.8344,2.0353,0.7157,3.0,0.0,nan,nan,3.0,3.0,LogisticRegression,0.8535118808784452,0.8550995644615308,0.850967246503002,0.8565386727042754
bank,month,3074.0,0.1503,0.3028,79.1,0.0046,0.8344,2.0353,0.7157,3.0,0.0,nan,nan,3.0,3.0,KNN,0.850131791249949,0.8575000253491527,0.8578336021147344,0.8557224942672372
bank,month,3074.0,0.1503,0.3028,79.1,0.0046,0.8344,2.0353,0.7157,3.0,0.0,nan,nan,3.0,3.0,RandomForest,0.8619150953885875,0.866808406104541,0.8650078003118117,0.8642969767241742
bank,month,3074.0,0.1503,0.3028,79.1,0.0046,0.8344,2.0353,0.7157,3.0,0.0,nan,nan,3.0,3.0,AdaBoost,0.8611753906117279,0.8660080451951512,0.8630097851154077,0.8649957986981764
bank,month,3074.0,0.1503,0.3028,79.1,0.0046,0.8344,2.0353,0.7157,3.0,0.0,nan,nan,3.0,3.0,SVC,0.8571478209712919,0.8590349014820482,0.8526691010833631,0.8552762469729333
bank,month,3074.0,0.0904,0.3079,78.2727,0.0043,0.8328,2.0308,0.6554,3.0,0.0,nan,nan,3.0,3.0,DecisionTree,0.8687417732384991,0.8691664671045091,0.8680265119825358,0.869009739302135
bank,month,3074.0,0.0904,0.3079,78.2727,0.0043,0.8328,2.0308,0.6554,3.0,0.0,nan,nan,3.0,3.0,LogisticRegression,0.8542134803022288,0.856574782109142,0.855333160280642,0.8554027921172465
bank,month,3074.0,0.0904,0.3079,78.2727,0.0043,0.8328,2.0308,0.6554,3.0,0.0,nan,nan,3.0,3.0,KNN,0.8588348448005549,0.8609436648508618,0.8555859543181541,0.8601352061045713
bank,month,3074.0,0.0904,0.3079,78.2727,0.0043,0.8328,2.0308,0.6554,3.0,0.0,nan,nan,3.0,3.0,RandomForest,0.866480875755544,0.8651411328137351,0.8648608552027477,0.8639085466942975
bank,month,3074.0,0.0904,0.3079,78.2727,0.0043,0.8328,2.0308,0.6554,3.0,0.0,nan,nan,3.0,3.0,AdaBoost,0.8649250077157569,0.8665793527700565,0.8642950632220914,0.864014140831311
bank,month,3074.0,0.0904,0.3079,78.2727,0.0043,0.8328,2.0308,0.6554,3.0,0.0,nan,nan,3.0,3.0,SVC,0.8549012325709652,0.8578510891903507,0.8592644160275692,0.856378011388126
bank,month,3074.0,0.0462,0.307,81.8182,0.0041,0.8322,2.0256,0.6544,3.0,0.0,nan,nan,3.0,3.0,DecisionTree,0.8701612592122542,0.8688508443988865,0.8697651041437358,0.8697520456148738
bank,month,3074.0,0.0462,0.307,81.8182,0.0041,0.8322,2.0256,0.6544,3.0,0.0,nan,nan,3.0,3.0,LogisticRegression,0.8565083814652119,0.8573731126940269,0.8530781313992157,0.8569632736563005
bank,month,3074.0,0.0462,0.307,81.8182,0.0041,0.8322,2.0256,0.6544,3.0,0.0,nan,nan,3.0,3.0,KNN,0.8620723673505968,0.862338572514378,0.8599837772944632,0.8633656730131496
bank,month,3074.0,0.0462,0.307,81.8182,0.0041,0.8322,2.0256,0.6544,3.0,0.0,nan,nan,3.0,3.0,RandomForest,0.8643225267771124,0.8643687270697771,0.8638079122084968,0.8659593287763022
bank,month,3074.0,0.0462,0.307,81.8182,0.0041,0.8322,2.0256,0.6544,3.0,0.0,nan,nan,3.0,3.0,AdaBoost,0.8679393580975967,0.8670946758338339,0.8666546708243053,0.8670250638469191
bank,month,3074.0,0.0462,0.307,81.8182,0.0041,0.8322,2.0256,0.6544,3.0,0.0,nan,nan,3.0,3.0,SVC,0.8562392768980527,0.8576750868277937,0.85535103260403,0.8580952134272182
