name,column_name,n_tuples,missing_perc,constancy,imbalance,uniqueness,unalikeability,entropy,density,mean_char,std_char,skewness_char,kurtosis_char,min_char,max_char
abalone,'Sex',4177,0.5071,0.3584,1.1424,0.0015,0.6659,1.0971,4.408,1.0,0.0,nan,nan,1.0,1.0
abalone,'Sex',4177,0.4554,0.3723,1.2187,0.0013,0.6645,1.095,1.3189,1.0,0.0,nan,nan,1.0,1.0
abalone,'Sex',4177,0.4032,0.3586,1.1331,0.0012,0.6659,1.0971,0.9731,1.0,0.0,nan,nan,1.0,1.0
abalone,'Sex',4177,0.3582,0.3555,1.1056,0.0011,0.6662,1.0975,11.2968,1.0,0.0,nan,nan,1.0,1.0
abalone,'Sex',4177,0.3062,0.3668,1.2066,0.001,0.6649,1.0956,0.9994,1.0,0.0,nan,nan,1.0,1.0
abalone,'Sex',4177,0.2509,0.3618,1.1539,0.001,0.6656,1.0967,2.026,1.0,0.0,nan,nan,1.0,1.0
abalone,'Sex',4177,0.2042,0.3673,1.1718,0.0009,0.6651,1.096,1.2294,1.0,0.0,nan,nan,1.0,1.0
abalone,'Sex',4177,0.1434,0.3642,1.149,0.0008,0.6654,1.0965,1.9362,1.0,0.0,nan,nan,1.0,1.0
abalone,'Sex',4177,0.1013,0.3668,1.162,0.0008,0.6652,1.0961,11.3935,1.0,0.0,nan,nan,1.0,1.0
abalone,'Sex',4177,0.0431,0.3685,1.1869,0.0008,0.6649,1.0958,4.2432,1.0,0.0,nan,nan,1.0,1.0
BachChoralHarmony,V15,5665,0.5063,0.1305,33.1818,0.0057,0.9039,2.4604,0.3829,1.237,0.4253,0.775,0.3845,1.0,2.0
BachChoralHarmony,V15,5665,0.4544,0.1307,26.9333,0.0052,0.9046,2.4648,0.378,1.2468,0.4312,0.7639,0.3495,1.0,2.0
BachChoralHarmony,V15,5665,0.4106,0.1246,37.8182,0.0048,0.9056,2.4689,0.3839,1.2459,0.4306,0.765,0.3528,1.0,2.0
BachChoralHarmony,V15,5665,0.3493,0.127,29.25,0.0043,0.9061,2.4742,0.3853,1.2545,0.4356,0.7554,0.3254,1.0,2.0
BachChoralHarmony,V15,5665,0.3043,0.1236,32.4667,0.0041,0.9052,2.4655,0.3765,1.2433,0.4291,0.7679,0.3615,1.0,2.0
BachChoralHarmony,V15,5665,0.2489,0.122,30.5294,0.0038,0.906,2.4736,0.3793,1.2522,0.4343,0.7579,0.3324,1.0,2.0
BachChoralHarmony,V15,5665,0.2014,0.1236,26.619,0.0035,0.9058,2.4761,0.3781,1.2489,0.4324,0.7616,0.3428,1.0,2.0
BachChoralHarmony,V15,5665,0.1578,0.1256,31.5263,0.0034,0.9052,2.4653,0.3891,1.2494,0.4327,0.761,0.3411,1.0,2.0
BachChoralHarmony,V15,5665,0.0983,0.1218,29.619,0.0031,0.9059,2.4753,0.3809,1.2525,0.4345,0.7575,0.3313,1.0,2.0
BachChoralHarmony,V15,5665,0.048,0.1209,29.6364,0.003,0.9057,2.4734,0.3793,1.2498,0.4329,0.7606,0.34,1.0,2.0
BachChoralHarmony,V1,5665,0.5063,0.0368,6.0588,0.0215,0.9815,4.032,0.0057,8.0,0.0,nan,nan,8.0,8.0
BachChoralHarmony,V1,5665,0.4544,0.0356,5.7895,0.0194,0.9815,4.0327,0.0062,8.0,0.0,nan,nan,8.0,8.0
BachChoralHarmony,V1,5665,0.4106,0.0359,6.0,0.018,0.9816,4.0354,0.0068,8.0,0.0,nan,nan,8.0,8.0
BachChoralHarmony,V1,5665,0.3493,0.0366,6.4286,0.0163,0.9816,4.0379,0.0007,8.0,0.0,nan,nan,8.0,8.0
BachChoralHarmony,V1,5665,0.3043,0.0383,5.2069,0.0152,0.9813,4.0325,0.0061,8.0,0.0,nan,nan,8.0,8.0
BachChoralHarmony,V1,5665,0.2489,0.0371,5.4483,0.0141,0.9815,4.0364,0.0036,8.0,0.0,nan,nan,8.0,8.0
BachChoralHarmony,V1,5665,0.2014,0.0338,5.2759,0.0133,0.9816,4.0398,0.004,8.0,0.0,nan,nan,8.0,8.0
BachChoralHarmony,V1,5665,0.1578,0.0369,5.1765,0.0126,0.9815,4.0383,0.004,8.0,0.0,nan,nan,8.0,8.0
BachChoralHarmony,V1,5665,0.0983,0.036,5.2571,0.0117,0.9816,4.0394,0.0032,8.0,0.0,nan,nan,8.0,8.0
BachChoralHarmony,V1,5665,0.048,0.0378,5.2308,0.0111,0.9815,4.0388,0.0038,8.0,0.0,nan,nan,8.0,8.0
BachChoralHarmony,V6,5665,0.5063,0.8709,6.7479,0.0007,0.2249,0.3846,35.6833,2.1291,0.3353,0.9014,0.9477,2.0,3.0
BachChoralHarmony,V6,5665,0.4544,0.8774,7.1557,0.0006,0.2152,0.3721,34.5539,2.1226,0.328,0.909,0.9643,2.0,3.0
BachChoralHarmony,V6,5665,0.4106,0.8727,6.8565,0.0006,0.2222,0.3812,35.7948,2.1273,0.3333,0.9035,0.9527,2.0,3.0
BachChoralHarmony,V6,5665,0.3493,0.8763,7.0833,0.0005,0.2169,0.3743,36.018,2.1237,0.3293,0.9077,0.9617,2.0,3.0
BachChoralHarmony,V6,5665,0.3043,0.8759,7.0593,0.0005,0.2174,0.375,35.995,2.1241,0.3297,0.9073,0.9609,2.0,3.0
BachChoralHarmony,V6,5665,0.2489,0.8722,6.8217,0.0005,0.2231,0.3823,35.7594,2.1278,0.3339,0.9028,0.9511,2.0,3.0
BachChoralHarmony,V6,5665,0.2014,0.8751,7.0071,0.0004,0.2186,0.3766,35.9444,2.1249,0.3306,0.9063,0.9589,2.0,3.0
BachChoralHarmony,V6,5665,0.1578,0.8768,7.1139,0.0004,0.2162,0.3733,36.0472,2.1232,0.3287,0.9082,0.9628,2.0,3.0
BachChoralHarmony,V6,5665,0.0983,0.8755,7.0314,0.0004,0.2181,0.3758,35.9681,2.1245,0.3302,0.9067,0.9598,2.0,3.0
BachChoralHarmony,V6,5665,0.048,0.8737,6.9192,0.0004,0.2207,0.3792,35.8578,2.1263,0.3322,0.9047,0.9554,2.0,3.0
BachChoralHarmony,V13,5665,0.5063,0.8252,4.7198,0.0007,0.2886,0.4635,32.8231,2.1748,0.3798,0.8471,0.7174,2.0,3.0
BachChoralHarmony,V13,5665,0.4544,0.8156,4.4228,0.0006,0.3009,0.478,29.9195,2.1844,0.3878,0.8358,0.6568,2.0,3.0
BachChoralHarmony,V13,5665,0.4106,0.814,4.3768,0.0006,0.3029,0.4803,32.126,2.186,0.3891,0.834,0.6469,2.0,3.0
BachChoralHarmony,V13,5665,0.3493,0.8193,4.5345,0.0005,0.2962,0.4724,32.4573,2.1807,0.3848,0.8402,0.6803,2.0,3.0
BachChoralHarmony,V13,5665,0.3043,0.8249,4.7116,0.0005,0.2889,0.4639,32.8073,2.1751,0.38,0.8468,0.7158,2.0,3.0
BachChoralHarmony,V13,5665,0.2489,0.8179,4.4903,0.0005,0.298,0.4746,32.3663,2.1821,0.386,0.8385,0.6711,2.0,3.0
BachChoralHarmony,V13,5665,0.2014,0.8187,4.5171,0.0004,0.2969,0.4733,36.9529,2.1813,0.3852,0.8395,0.6767,2.0,3.0
BachChoralHarmony,V13,5665,0.1578,0.8202,4.5606,0.0004,0.2951,0.4711,32.5102,2.1798,0.3841,0.8412,0.6857,2.0,3.0
BachChoralHarmony,V13,5665,0.0983,0.8199,4.5522,0.0004,0.2954,0.4716,36.9959,2.1801,0.3843,0.8409,0.6839,2.0,3.0
BachChoralHarmony,V13,5665,0.048,0.8203,4.5655,0.0004,0.2948,0.4709,37.0121,2.1797,0.3839,0.8414,0.6867,2.0,3.0
BachChoralHarmony,V4,5665,0.5063,0.8391,5.2156,0.0007,0.2701,0.4411,33.6946,2.1609,0.3674,0.8636,0.8033,2.0,3.0
BachChoralHarmony,V4,5665,0.4544,0.8327,4.9787,0.0006,0.2787,0.4515,31.2055,2.1673,0.3732,0.8561,0.7649,2.0,3.0
BachChoralHarmony,V4,5665,0.4106,0.8374,5.1492,0.0006,0.2724,0.444,33.586,2.1626,0.369,0.8616,0.793,2.0,3.0
BachChoralHarmony,V4,5665,0.3493,0.8288,4.8415,0.0005,0.2838,0.4578,33.0507,2.1712,0.3767,0.8514,0.7404,2.0,3.0
BachChoralHarmony,V4,5665,0.3043,0.8328,4.9803,0.0005,0.2786,0.4514,33.299,2.1672,0.3732,0.8561,0.7651,2.0,3.0
BachChoralHarmony,V4,5665,0.2489,0.8289,4.8448,0.0005,0.2837,0.4576,33.0567,2.1711,0.3766,0.8515,0.741,2.0,3.0
BachChoralHarmony,V4,5665,0.2014,0.8309,4.9137,0.0004,0.2811,0.4545,33.1814,2.1691,0.3748,0.8539,0.7535,2.0,3.0
BachChoralHarmony,V4,5665,0.1578,0.8273,4.79,0.0004,0.2858,0.4602,32.9556,2.1727,0.378,0.8496,0.7308,2.0,3.0
BachChoralHarmony,V4,5665,0.0983,0.8316,4.9395,0.0004,0.2801,0.4533,33.2273,2.1684,0.3742,0.8548,0.758,2.0,3.0
BachChoralHarmony,V4,5665,0.048,0.8318,4.946,0.0004,0.2798,0.453,33.2387,2.1682,0.374,0.855,0.7592,2.0,3.0
BachChoralHarmony,V11,5665,0.5063,0.8802,7.3493,0.0007,0.2109,0.3665,36.2643,2.1198,0.3247,0.9123,0.9703,2.0,3.0
BachChoralHarmony,V11,5665,0.4544,0.8868,7.8314,0.0006,0.2009,0.3532,35.2576,2.1132,0.3169,0.9199,0.9813,2.0,3.0
BachChoralHarmony,V11,5665,0.4106,0.8811,7.4106,0.0006,0.2096,0.3647,36.3189,2.1189,0.3237,0.9133,0.972,2.0,3.0
BachChoralHarmony,V11,5665,0.3493,0.8814,7.4348,0.0005,0.2091,0.364,36.3402,2.1186,0.3233,0.9137,0.9726,2.0,3.0
BachChoralHarmony,V11,5665,0.3043,0.8856,7.7384,0.0005,0.2027,0.3557,36.5976,2.1144,0.3183,0.9185,0.9795,2.0,3.0
BachChoralHarmony,V11,5665,0.2489,0.8837,7.596,0.0005,0.2056,0.3596,36.4791,2.1163,0.3206,0.9163,0.9765,2.0,3.0
BachChoralHarmony,V11,5665,0.2014,0.882,7.4719,0.0004,0.2083,0.363,36.3727,2.118,0.3227,0.9143,0.9736,2.0,3.0
BachChoralHarmony,V11,5665,0.1578,0.8851,7.7062,0.0004,0.2034,0.3566,36.5712,2.1149,0.3189,0.918,0.9789,2.0,3.0
BachChoralHarmony,V11,5665,0.0983,0.8823,7.4992,0.0004,0.2077,0.3622,36.3963,2.1177,0.3222,0.9148,0.9742,2.0,3.0
BachChoralHarmony,V11,5665,0.048,0.883,7.5468,0.0004,0.2067,0.3609,36.4373,2.117,0.3214,0.9155,0.9754,2.0,3.0
BachChoralHarmony,V8,5665,0.5063,0.7869,3.693,0.0007,0.3355,0.518,35.7593,2.2131,0.4095,0.8024,0.4909,2.0,3.0
BachChoralHarmony,V8,5665,0.4544,0.7693,3.3352,0.0006,0.355,0.5401,26.4498,2.2307,0.4213,0.7822,0.4098,2.0,3.0
BachChoralHarmony,V8,5665,0.4106,0.7745,3.4343,0.0006,0.3494,0.5338,29.6552,2.2255,0.4179,0.7881,0.4318,2.0,3.0
BachChoralHarmony,V8,5665,0.3493,0.7732,3.4091,0.0005,0.3508,0.5354,35.2448,2.2268,0.4188,0.7866,0.4262,2.0,3.0
BachChoralHarmony,V8,5665,0.3043,0.7716,3.3789,0.0005,0.3525,0.5373,29.477,2.2284,0.4198,0.7849,0.4194,2.0,3.0
BachChoralHarmony,V8,5665,0.2489,0.7723,3.3911,0.0005,0.3518,0.5365,35.21,2.2277,0.4194,0.7856,0.4221,2.0,3.0
BachChoralHarmony,V8,5665,0.2014,0.7717,3.3795,0.0004,0.3525,0.5373,35.1873,2.2283,0.4198,0.7849,0.4196,2.0,3.0
BachChoralHarmony,V8,5665,0.1578,0.7734,3.4135,0.0004,0.3506,0.5351,35.2534,2.2266,0.4186,0.7869,0.4271,2.0,3.0
BachChoralHarmony,V8,5665,0.0983,0.7715,3.377,0.0004,0.3526,0.5374,35.1826,2.2285,0.4198,0.7847,0.419,2.0,3.0
BachChoralHarmony,V8,5665,0.048,0.7738,3.4205,0.0004,0.3502,0.5347,35.2668,2.2262,0.4184,0.7873,0.4287,2.0,3.0
BachChoralHarmony,V9,5665,0.5063,0.7644,3.2443,0.0007,0.3603,0.546,29.0244,2.2356,0.4244,0.7766,0.39,2.0,3.0
BachChoralHarmony,V9,5665,0.4544,0.7561,3.0995,0.0006,0.369,0.5556,25.4549,2.2439,0.4295,0.7672,0.3594,2.0,3.0
BachChoralHarmony,V9,5665,0.4106,0.7604,3.1738,0.0006,0.3645,0.5506,28.7755,2.2396,0.4268,0.7721,0.3749,2.0,3.0
BachChoralHarmony,V9,5665,0.3493,0.7439,2.9047,0.0005,0.3811,0.5689,27.7435,2.2561,0.4365,0.7535,0.3206,2.0,3.0
BachChoralHarmony,V9,5665,0.3043,0.7516,3.0255,0.0005,0.3735,0.5606,28.2241,2.2484,0.4321,0.7621,0.3444,2.0,3.0
BachChoralHarmony,V9,5665,0.2489,0.7542,3.0679,0.0005,0.3709,0.5577,28.3857,2.2458,0.4306,0.7651,0.3529,2.0,3.0
BachChoralHarmony,V9,5665,0.2014,0.7542,3.0683,0.0004,0.3708,0.5577,28.3875,2.2458,0.4306,0.7651,0.353,2.0,3.0
BachChoralHarmony,V9,5665,0.1578,0.7516,3.0262,0.0004,0.3734,0.5605,28.2265,2.2484,0.4321,0.7622,0.3445,2.0,3.0
BachChoralHarmony,V9,5665,0.0983,0.7522,3.0348,0.0004,0.3729,0.56,28.2596,2.2478,0.4318,0.7628,0.3462,2.0,3.0
BachChoralHarmony,V9,5665,0.048,0.7528,3.0458,0.0004,0.3722,0.5592,28.3017,2.2472,0.4314,0.7635,0.3484,2.0,3.0
bank,contact,3074,0.4993,0.6394,8.4828,0.0019,0.5045,0.8386,12.8583,7.7901,0.5627,0.4982,0.4337,7.0,9.0
bank,contact,3074,0.4652,0.6308,10.5816,0.0018,0.503,0.8218,10.9895,7.75,0.5538,0.4936,0.4048,7.0,9.0
bank,contact,3074,0.404,0.6343,9.1496,0.0016,0.5053,0.8342,10.7369,7.7729,0.5605,0.4981,0.421,7.0,9.0
bank,contact,3074,0.3562,0.6417,9.2701,0.0015,0.5001,0.8283,10.9111,7.7802,0.5567,0.493,0.4319,7.0,9.0
bank,contact,3074,0.3029,0.6337,8.8182,0.0014,0.5068,0.8383,10.7532,7.7774,0.5628,0.4999,0.4225,7.0,9.0
bank,contact,3074,0.2583,0.6425,9.4516,0.0013,0.4989,0.8258,10.8891,7.7785,0.5553,0.4917,0.4318,7.0,9.0
bank,contact,3074,0.1965,0.6381,9.7888,0.0012,0.5008,0.8252,10.9555,7.7684,0.5553,0.4928,0.422,7.0,9.0
bank,contact,3074,0.1539,0.6374,9.5287,0.0012,0.502,0.8282,13.0999,7.7712,0.557,0.4944,0.423,7.0,9.0
bank,contact,3074,0.1054,0.6415,9.4839,0.0011,0.4995,0.8262,13.0978,7.7767,0.5556,0.4922,0.4298,7.0,9.0
bank,contact,3074,0.0481,0.6391,9.5408,0.001,0.5009,0.8271,13.1054,7.7731,0.5562,0.4933,0.4255,7.0,9.0
bank,housing,3074,0.4993,0.566,1.3039,0.0013,0.4916,0.6844,27.4732,2.566,0.4956,0.4339,0.1268,2.0,3.0
bank,housing,3074,0.4652,0.5693,1.322,0.0012,0.4907,0.6835,16.8339,2.5693,0.4952,0.4304,0.1277,2.0,3.0
bank,housing,3074,0.404,0.5611,1.2786,0.0011,0.4928,0.6857,10.8352,2.5611,0.4962,0.4387,0.1257,2.0,3.0
bank,housing,3074,0.3562,0.5523,1.2336,0.001,0.4948,0.6877,26.9612,2.5523,0.4973,0.4476,0.1239,2.0,3.0
bank,housing,3074,0.3029,0.5707,1.3293,0.0009,0.4902,0.6831,16.9185,2.5707,0.495,0.4291,0.128,2.0,3.0
bank,housing,3074,0.2583,0.564,1.2938,0.0009,0.492,0.6849,11.0526,2.564,0.4959,0.4358,0.1264,2.0,3.0
bank,housing,3074,0.1965,0.5652,1.2998,0.0008,0.4917,0.6846,27.4443,2.5652,0.4957,0.4346,0.1267,2.0,3.0
bank,housing,3074,0.1539,0.5694,1.3223,0.0008,0.4906,0.6835,27.6024,2.5694,0.4952,0.4304,0.1277,2.0,3.0
bank,housing,3074,0.1054,0.5636,1.2917,0.0007,0.4921,0.685,27.3864,2.5636,0.4959,0.4362,0.1263,2.0,3.0
bank,housing,3074,0.0481,0.5632,1.2895,0.0007,0.4922,0.6851,27.371,2.5632,0.496,0.4366,0.1262,2.0,3.0
bank,month,3074,0.4993,0.3093,79.3333,0.0078,0.8344,2.0377,0.6511,3.0,0.0,nan,nan,3.0,3.0
bank,month,3074,0.4652,0.3193,175.0,0.0073,0.8284,2.0136,0.7317,3.0,0.0,nan,nan,3.0,3.0
bank,month,3074,0.404,0.3084,62.7778,0.0066,0.8327,2.0283,0.6531,3.0,0.0,nan,nan,3.0,3.0
bank,month,3074,0.3562,0.3027,59.9,0.0061,0.8352,2.0413,0.6519,3.0,0.0,nan,nan,3.0,3.0
bank,month,3074,0.3029,0.3103,83.125,0.0056,0.8323,2.0301,0.7118,3.0,0.0,nan,nan,3.0,3.0
bank,month,3074,0.2583,0.3057,99.5714,0.0053,0.8329,2.0256,0.6407,3.0,0.0,nan,nan,3.0,3.0
bank,month,3074,0.1965,0.3061,94.5,0.0049,0.8341,2.0338,0.721,3.0,0.0,nan,nan,3.0,3.0
bank,month,3074,0.1539,0.3145,90.8889,0.0046,0.8303,2.0235,0.6548,3.0,0.0,nan,nan,3.0,3.0
bank,month,3074,0.1054,0.3102,77.5455,0.0044,0.832,2.0295,0.6537,3.0,0.0,nan,nan,3.0,3.0
bank,month,3074,0.0481,0.3069,81.6364,0.0041,0.8332,2.0314,0.6543,3.0,0.0,nan,nan,3.0,3.0
bank,loan,3074,0.4993,0.835,5.0591,0.0013,0.2758,0.4479,33.4349,2.165,0.3712,0.8587,0.7785,2.0,3.0
bank,loan,3074,0.4652,0.8534,5.8216,0.0012,0.2504,0.4168,34.5879,2.1466,0.3537,0.8806,0.8801,2.0,3.0
bank,loan,3074,0.404,0.8308,4.9097,0.0011,0.2813,0.4546,31.059,2.1692,0.3749,0.8538,0.7528,2.0,3.0
bank,loan,3074,0.3562,0.8428,5.3633,0.001,0.265,0.4349,33.9281,2.1572,0.3639,0.8681,0.8249,2.0,3.0
bank,loan,3074,0.3029,0.8441,5.4162,0.0009,0.2633,0.4327,34.009,2.1559,0.3627,0.8696,0.8321,2.0,3.0
bank,loan,3074,0.2583,0.8504,5.6862,0.0009,0.2545,0.4219,32.5329,2.1496,0.3566,0.8771,0.8655,2.0,3.0
bank,loan,3074,0.1965,0.847,5.5344,0.0008,0.2593,0.4279,34.1852,2.153,0.36,0.873,0.8475,2.0,3.0
bank,loan,3074,0.1539,0.8481,5.5848,0.0008,0.2577,0.4259,38.0551,2.1519,0.3589,0.8744,0.8537,2.0,3.0
bank,loan,3074,0.1054,0.8458,5.4858,0.0007,0.2609,0.4299,37.9682,2.1542,0.3611,0.8716,0.8413,2.0,3.0
bank,loan,3074,0.0481,0.8448,5.4449,0.0007,0.2623,0.4316,37.9315,2.1552,0.3621,0.8704,0.836,2.0,3.0
bank,poutcome,3074,0.4993,0.807,23.0,0.0026,0.333,0.6768,6.7043,6.909,0.4167,0.0126,1.0,5.0,7.0
bank,poutcome,3074,0.4652,0.8297,26.7451,0.0024,0.2995,0.6214,7.1732,6.9185,0.3954,0.0095,1.0,5.0,7.0
bank,poutcome,3074,0.404,0.8122,22.209,0.0022,0.3257,0.6664,6.7925,6.9127,0.4087,0.0114,1.0,5.0,7.0
bank,poutcome,3074,0.3562,0.8201,24.5909,0.002,0.3142,0.6486,7.0782,6.908,0.4189,0.0129,1.0,5.0,7.0
bank,poutcome,3074,0.3029,0.8236,25.5797,0.0019,0.308,0.6326,6.8278,6.9244,0.3814,0.0078,1.0,5.0,7.0
bank,poutcome,3074,0.2583,0.8154,24.7867,0.0018,0.3206,0.6553,7.1874,6.914,0.4056,0.0109,1.0,5.0,7.0
bank,poutcome,3074,0.1965,0.8162,24.8889,0.0016,0.3192,0.6527,7.1029,6.9158,0.4017,0.0104,1.0,5.0,7.0
bank,poutcome,3074,0.1539,0.8189,26.962,0.0015,0.3151,0.6451,7.1597,6.9139,0.406,0.011,1.0,5.0,7.0
bank,poutcome,3074,0.1054,0.8182,26.4706,0.0015,0.3162,0.6471,6.8415,6.9142,0.4053,0.0109,1.0,5.0,7.0
bank,poutcome,3074,0.0481,0.8195,27.25,0.0014,0.3141,0.6431,7.4957,6.9146,0.4045,0.0107,1.0,5.0,7.0
car,doors,1728,0.5006,0.3534,1.1255,0.0035,0.6667,1.0974,2.1196,2.0603,1.4341,0.6487,0.1647,1.0,4.0
car,doors,1728,0.4491,0.3393,1.0487,0.0032,0.6672,1.0984,0.8032,1.9706,1.4035,0.6801,0.193,1.0,4.0
car,doors,1728,0.4213,0.341,1.0492,0.003,0.6672,1.0984,0.5498,2.002,1.4149,0.6691,0.1818,1.0,4.0
car,doors,1728,0.3484,0.3384,1.0381,0.0027,0.6672,1.0985,1.4378,2.0151,1.4195,0.6645,0.1775,1.0,4.0
car,doors,1728,0.2957,0.3443,1.0662,0.0025,0.667,1.0983,1.6011,1.9688,1.4028,0.6808,0.1937,1.0,4.0
car,doors,1728,0.2627,0.3391,1.0385,0.0024,0.6671,1.0985,1.3521,2.0031,1.4153,0.6687,0.1814,1.0,4.0
car,doors,1728,0.206,0.3375,1.0312,0.0022,0.6671,1.0985,0.5933,2.0124,1.4185,0.6654,0.1784,1.0,4.0
car,doors,1728,0.1609,0.3372,1.0209,0.0021,0.6671,1.0986,1.3032,1.9972,1.4132,0.6707,0.1834,1.0,4.0
car,doors,1728,0.1128,0.3372,1.0238,0.002,0.6671,1.0986,0.5855,2.0117,1.4183,0.6656,0.1786,1.0,4.0
car,doors,1728,0.048,0.335,1.0147,0.0018,0.6671,1.0986,11.1551,1.9903,1.4107,0.6732,0.1858,1.0,4.0
car,lug_boot,1728,0.5006,0.3384,1.0318,0.0035,0.6674,1.0985,11.175,3.3384,0.4731,0.6645,0.1775,3.0,4.0
car,lug_boot,1728,0.4491,0.3372,1.0223,0.0032,0.6673,1.0986,0.5801,3.3298,0.4702,0.6735,0.186,3.0,4.0
car,lug_boot,1728,0.4213,0.347,1.0878,0.003,0.6669,1.098,1.0288,3.334,0.4716,0.6691,0.1818,3.0,4.0
car,lug_boot,1728,0.3484,0.3393,1.038,0.0027,0.6672,1.0985,3.9435,3.3268,0.4691,0.6767,0.1893,3.0,4.0
car,lug_boot,1728,0.2957,0.3517,1.0974,0.0025,0.6667,1.0978,3.9702,3.3279,0.4694,0.6756,0.1881,3.0,4.0
car,lug_boot,1728,0.2627,0.3501,1.0852,0.0024,0.6668,1.098,11.2384,3.3273,0.4692,0.6761,0.1887,3.0,4.0
car,lug_boot,1728,0.206,0.336,1.0177,0.0022,0.6671,1.0986,0.4691,3.3302,0.4703,0.6731,0.1857,3.0,4.0
car,lug_boot,1728,0.1609,0.34,1.0489,0.0021,0.667,1.0984,1.6183,3.34,0.4737,0.6627,0.176,3.0,4.0
car,lug_boot,1728,0.1128,0.334,1.0039,0.002,0.6671,1.0986,0.4212,3.334,0.4716,0.6691,0.1818,3.0,4.0
car,lug_boot,1728,0.048,0.3356,1.011,0.0018,0.6671,1.0986,11.1406,3.3356,0.4722,0.6674,0.1802,3.0,4.0
car,persons,1728,0.5006,0.3395,1.0464,0.0035,0.6673,1.0984,3.9307,3.6489,0.9363,0.6792,0.1919,3.0,5.0
car,persons,1728,0.4491,0.354,1.1196,0.0032,0.6666,1.0975,1.2259,3.6597,0.9403,0.6735,0.186,3.0,5.0
car,persons,1728,0.4213,0.343,1.0586,0.003,0.6672,1.0983,0.5646,3.648,0.936,0.6796,0.1924,3.0,5.0
car,persons,1728,0.3484,0.341,1.0463,0.0027,0.6671,1.0984,1.5737,3.6661,0.9426,0.6701,0.1827,3.0,5.0
car,persons,1728,0.2957,0.3418,1.0532,0.0025,0.6671,1.0984,1.6153,3.6672,0.943,0.6695,0.1822,3.0,5.0
car,persons,1728,0.2627,0.3383,1.0311,0.0024,0.6671,1.0985,3.8768,3.6562,0.939,0.6753,0.1879,3.0,5.0
car,persons,1728,0.206,0.3389,1.0288,0.0022,0.6671,1.0985,0.5447,3.6589,0.94,0.6739,0.1864,3.0,5.0
car,persons,1728,0.1609,0.3359,1.0146,0.0021,0.6671,1.0986,1.2709,3.6717,0.9446,0.6671,0.1799,3.0,5.0
car,persons,1728,0.1128,0.3346,1.0079,0.002,0.6671,1.0986,0.4309,3.6693,0.9437,0.6684,0.1811,3.0,5.0
car,persons,1728,0.048,0.3368,1.0165,0.0018,0.6671,1.0986,11.1431,3.6736,0.9452,0.6661,0.179,3.0,5.0
drug,BP,200,0.47,0.3774,1.2903,0.0283,0.6694,1.0932,11.3518,4.3679,1.2157,0.5919,0.1892,3.0,6.0
drug,BP,200,0.465,0.4019,1.5357,0.028,0.663,1.0837,3.5037,4.1869,1.1611,0.6537,0.2541,3.0,6.0
drug,BP,200,0.41,0.3898,1.2778,0.0254,0.6675,1.0916,4.8197,4.3051,1.1968,0.6141,0.2076,3.0,6.0
drug,BP,200,0.37,0.373,1.2051,0.0238,0.6696,1.0951,2.0576,4.3016,1.2102,0.6118,0.2021,3.0,6.0
drug,BP,200,0.275,0.4138,1.5385,0.0207,0.6603,1.0825,3.8683,4.2207,1.1595,0.6454,0.2464,3.0,6.0
drug,BP,200,0.245,0.4106,1.4419,0.0199,0.6619,1.0853,3.2677,4.2649,1.172,0.631,0.2284,3.0,6.0
drug,BP,200,0.195,0.3975,1.3617,0.0186,0.6644,1.0893,11.7348,4.2733,1.1847,0.6256,0.2197,3.0,6.0
drug,BP,200,0.16,0.3571,1.1321,0.0179,0.6697,1.0972,11.361,4.3036,1.2236,0.6081,0.196,3.0,6.0
drug,BP,200,0.09,0.3846,1.2963,0.0165,0.6661,1.0924,11.6357,4.2747,1.1958,0.6225,0.2138,3.0,6.0
drug,BP,200,0.06,0.3777,1.2456,0.016,0.6671,1.0941,11.5533,4.2872,1.2039,0.6172,0.2076,3.0,6.0
drug,Cholesterol,200,0.47,0.5189,1.0784,0.0189,0.504,0.6924,13.6792,4.9623,0.9993,0.5189,0.1198,4.0,6.0
drug,Cholesterol,200,0.465,0.5327,1.14,0.0187,0.5026,0.691,8.7033,5.0654,0.9979,0.4673,0.121,4.0,6.0
drug,Cholesterol,200,0.41,0.5339,1.1455,0.0169,0.502,0.6908,14.6186,4.9322,0.9977,0.5339,0.1212,4.0,6.0
drug,Cholesterol,200,0.37,0.5079,1.0323,0.0159,0.5039,0.693,6.8452,4.9841,0.9999,0.5079,0.1193,4.0,6.0
drug,Cholesterol,200,0.275,0.531,1.1324,0.0138,0.5015,0.6912,8.5776,4.9379,0.9981,0.5311,0.1208,4.0,6.0
drug,Cholesterol,200,0.245,0.5099,1.0405,0.0132,0.5031,0.6929,13.1209,4.9801,0.9998,0.5099,0.1194,4.0,6.0
drug,Cholesterol,200,0.195,0.5155,1.0641,0.0124,0.5026,0.6927,13.4705,4.9689,0.9995,0.5155,0.1196,4.0,6.0
drug,Cholesterol,200,0.16,0.5119,1.0488,0.0119,0.5027,0.6929,13.244,4.9762,0.9997,0.5119,0.1194,4.0,6.0
drug,Cholesterol,200,0.09,0.511,1.0449,0.011,0.5025,0.6929,25.4121,4.978,0.9998,0.511,0.1194,4.0,6.0
drug,Cholesterol,200,0.06,0.5053,1.0215,0.0106,0.5026,0.6931,12.8324,4.9894,0.9999,0.5053,0.1193,4.0,6.0
electricity-normalized,day,45312,0.502,0.1454,1.036,0.0003,0.8572,1.9458,0.0388,1.0,0.0,nan,nan,1.0,1.0
electricity-normalized,day,45312,0.4501,0.144,1.0213,0.0003,0.8572,1.9459,0.0079,1.0,0.0,nan,nan,1.0,1.0
electricity-normalized,day,45312,0.3958,0.1439,1.0223,0.0003,0.8572,1.9459,0.0067,1.0,0.0,nan,nan,1.0,1.0
electricity-normalized,day,45312,0.3463,0.1447,1.031,0.0002,0.8572,1.9459,0.0392,1.0,0.0,nan,nan,1.0,1.0
electricity-normalized,day,45312,0.3006,0.145,1.0287,0.0002,0.8572,1.9459,0.0314,1.0,0.0,nan,nan,1.0,1.0
electricity-normalized,day,45312,0.252,0.1444,1.0181,0.0002,0.8572,1.9459,0.0054,1.0,0.0,nan,nan,1.0,1.0
electricity-normalized,day,45312,0.2029,0.144,1.0198,0.0002,0.8572,1.9459,0.0243,1.0,0.0,nan,nan,1.0,1.0
electricity-normalized,day,45312,0.153,0.1436,1.0097,0.0002,0.8572,1.9459,0.0023,1.0,0.0,nan,nan,1.0,1.0
electricity-normalized,day,45312,0.101,0.144,1.0145,0.0002,0.8572,1.9459,0.0147,1.0,0.0,nan,nan,1.0,1.0
electricity-normalized,day,45312,0.0495,0.1437,1.0093,0.0002,0.8572,1.9459,0.008,1.0,0.0,nan,nan,1.0,1.0
german,Saving_accounts,1000,0.517,0.7764,17.0455,0.0083,0.3786,0.7596,4.9943,6.3892,1.2199,0.8191,0.9425,4.0,10.0
german,Saving_accounts,1000,0.437,0.8028,17.3846,0.0071,0.3421,0.7054,6.5397,6.3304,1.185,0.8427,0.9736,4.0,10.0
german,Saving_accounts,1000,0.393,0.799,16.7241,0.0066,0.3467,0.7083,6.3955,6.2998,1.1346,0.8292,0.9774,4.0,10.0
german,Saving_accounts,1000,0.38,0.7742,16.5517,0.0065,0.3819,0.7673,6.3736,6.3968,1.2407,0.8177,0.9357,4.0,10.0
german,Saving_accounts,1000,0.31,0.7957,16.6364,0.0058,0.3515,0.7172,6.4094,6.3217,1.1576,0.8305,0.9723,4.0,10.0
german,Saving_accounts,1000,0.259,0.7841,17.0882,0.0054,0.3681,0.745,6.0545,6.3725,1.2124,0.826,0.9528,4.0,10.0
german,Saving_accounts,1000,0.205,0.7899,16.1026,0.005,0.3603,0.7347,6.1385,6.3447,1.2025,0.8287,0.962,4.0,10.0
german,Saving_accounts,1000,0.182,0.7922,15.8049,0.0049,0.3571,0.73,5.4732,6.3325,1.1937,0.8293,0.9658,4.0,10.0
german,Saving_accounts,1000,0.102,0.7873,16.4419,0.0045,0.3642,0.7422,5.4997,6.3675,1.2319,0.8293,0.9532,4.0,10.0
german,Saving_accounts,1000,0.053,0.7856,16.1739,0.0042,0.3664,0.7452,7.6185,6.3633,1.2241,0.8265,0.9536,4.0,10.0
german,Purpose,1000,0.517,0.323,26.0,0.0166,0.7702,1.6481,1.5323,8.6832,5.6624,0.7052,0.3771,3.0,19.0
german,Purpose,1000,0.437,0.341,48.0,0.0142,0.7666,1.6217,1.6124,8.7531,5.8657,0.6966,0.3377,3.0,19.0
german,Purpose,1000,0.393,0.346,35.0,0.0132,0.7607,1.6029,1.6062,8.5815,5.751,0.7077,0.371,3.0,19.0
german,Purpose,1000,0.38,0.3323,29.4286,0.0129,0.7673,1.6291,1.6179,8.5677,5.6332,0.7123,0.396,3.0,19.0
german,Purpose,1000,0.31,0.342,33.7143,0.0116,0.7627,1.6084,1.6186,8.5783,5.7282,0.7096,0.3774,3.0,19.0
german,Purpose,1000,0.259,0.3387,41.8333,0.0108,0.7585,1.5883,1.6329,8.4291,5.5647,0.7224,0.4287,3.0,19.0
german,Purpose,1000,0.205,0.3296,26.2,0.0101,0.7638,1.6229,1.5866,8.566,5.6215,0.7135,0.3996,3.0,19.0
german,Purpose,1000,0.182,0.3264,29.6667,0.0098,0.7707,1.6417,1.5597,8.7518,5.7533,0.6995,0.3548,3.0,19.0
german,Purpose,1000,0.102,0.3363,33.5556,0.0089,0.7611,1.6096,1.6211,8.52,5.6348,0.7157,0.4027,3.0,19.0
german,Purpose,1000,0.053,0.3305,28.4545,0.0084,0.7642,1.6202,1.6031,8.6378,5.6921,0.7079,0.3788,3.0,19.0
german,Checking_account,1000,0.517,0.6522,9.2647,0.0062,0.4938,0.8213,13.069,6.4141,1.1045,0.513,0.4499,4.0,8.0
german,Checking_account,1000,0.437,0.6838,12.8333,0.0053,0.4612,0.7673,11.785,6.4192,1.0435,0.5512,0.4854,4.0,8.0
german,Checking_account,1000,0.393,0.6705,10.175,0.0049,0.4774,0.7987,13.2928,6.3954,1.0778,0.5283,0.4788,4.0,8.0
german,Checking_account,1000,0.38,0.6758,10.7436,0.0048,0.4718,0.7895,13.4077,6.3968,1.0674,0.5346,0.4855,4.0,8.0
german,Checking_account,1000,0.31,0.6812,12.3684,0.0043,0.4641,0.7727,13.8093,6.4174,1.0494,0.547,0.4832,4.0,8.0
german,Checking_account,1000,0.259,0.6775,11.6744,0.004,0.4683,0.7808,13.5603,6.413,1.0581,0.5409,0.4809,4.0,8.0
german,Checking_account,1000,0.205,0.6767,11.9556,0.0038,0.4683,0.7793,13.5989,6.4201,1.0567,0.5421,0.4767,4.0,8.0
german,Checking_account,1000,0.182,0.6663,10.4808,0.0037,0.4797,0.7993,13.3408,6.4132,1.079,0.5277,0.4672,4.0,8.0
german,Checking_account,1000,0.102,0.6682,10.1695,0.0033,0.479,0.8006,13.287,6.4009,1.0801,0.527,0.4738,4.0,8.0
german,Checking_account,1000,0.053,0.6642,10.4833,0.0032,0.4811,0.8008,13.3369,6.4182,1.0809,0.5265,0.463,4.0,8.0
house,HeatingQC,501,0.509,0.4959,13.5556,0.0163,0.6293,1.1116,4.6424,2.0,0.0,nan,nan,2.0,2.0
house,HeatingQC,501,0.475,0.4411,8.9231,0.0152,0.6546,1.1638,4.0216,2.0,0.0,nan,nan,2.0,2.0
house,HeatingQC,501,0.4032,0.4849,16.1111,0.0134,0.6276,1.0992,6.6325,2.0,0.0,nan,nan,2.0,2.0
house,HeatingQC,501,0.3513,0.4831,14.2727,0.0123,0.6308,1.1097,4.6703,2.0,0.0,nan,nan,2.0,2.0
house,HeatingQC,501,0.2914,0.4873,10.8125,0.0113,0.6377,1.1361,4.5217,2.0,0.0,nan,nan,2.0,2.0
house,HeatingQC,501,0.2295,0.4974,12.8,0.0104,0.6335,1.1257,3.18,2.0,0.0,nan,nan,2.0,2.0
house,HeatingQC,501,0.1896,0.4901,15.3077,0.0099,0.6286,1.1061,3.5944,2.0,0.0,nan,nan,2.0,2.0
house,HeatingQC,501,0.1776,0.4879,13.4,0.0097,0.6354,1.1247,4.3135,2.0,0.0,nan,nan,2.0,2.0
house,HeatingQC,501,0.0958,0.4989,14.125,0.0088,0.6283,1.112,7.2744,2.0,0.0,nan,nan,2.0,2.0
house,HeatingQC,501,0.0479,0.4969,15.8,0.0084,0.6285,1.108,4.3789,2.0,0.0,nan,nan,2.0,2.0
house,Neighborhood,501,0.509,0.1382,34.0,0.0935,0.9331,2.8357,0.1614,6.5366,0.7413,0.2256,0.4817,5.0,7.0
house,Neighborhood,501,0.475,0.1711,45.0,0.0875,0.9251,2.7764,0.1602,6.4639,0.793,0.2641,0.3457,5.0,7.0
house,Neighborhood,501,0.4032,0.1371,20.5,0.0803,0.9345,2.8722,0.1368,6.5318,0.7461,0.228,0.4702,5.0,7.0
house,Neighborhood,501,0.3513,0.1538,25.0,0.0708,0.9277,2.7943,0.1697,6.5477,0.7575,0.2164,0.4915,5.0,7.0
house,Neighborhood,501,0.2914,0.1718,61.0,0.0676,0.9245,2.7865,0.1669,6.4958,0.7957,0.2447,0.3826,5.0,7.0
house,Neighborhood,501,0.2295,0.1606,31.0,0.0622,0.9253,2.7942,0.1464,6.5233,0.7757,0.2297,0.4366,5.0,7.0
house,Neighborhood,501,0.1896,0.1576,64.0,0.0591,0.9268,2.7922,0.1695,6.5172,0.7711,0.234,0.4302,5.0,7.0
house,Neighborhood,501,0.1776,0.1529,31.5,0.0583,0.9285,2.8199,0.1571,6.5243,0.7613,0.2307,0.4479,5.0,7.0
house,Neighborhood,501,0.0958,0.1435,65.0,0.053,0.929,2.8132,0.1707,6.5475,0.7491,0.2175,0.4967,5.0,7.0
house,Neighborhood,501,0.0479,0.1551,24.6667,0.0503,0.9276,2.8197,0.1442,6.5283,0.7673,0.2275,0.4505,5.0,7.0
house,GarageType,501,0.509,0.6341,78.0,0.0203,0.5072,0.882,4.6135,6.065,0.2466,0.9715,1.0,6.0,7.0
house,GarageType,501,0.475,0.6426,169.0,0.0228,0.5085,0.9126,3.235,6.076,0.2651,0.9608,0.9997,6.0,7.0
house,GarageType,501,0.4032,0.6355,95.0,0.0201,0.5218,0.9614,3.0593,6.0903,0.2866,0.9458,0.9979,6.0,7.0
house,GarageType,501,0.3513,0.6154,200.0,0.0185,0.5268,0.9345,3.1306,6.0769,0.2665,0.9599,0.9997,6.0,7.0
house,GarageType,501,0.2914,0.631,112.0,0.0169,0.5086,0.891,3.2514,6.0592,0.2359,0.9767,1.0,6.0,7.0
house,GarageType,501,0.2295,0.6425,124.0,0.013,0.5015,0.8713,3.9725,6.0674,0.2506,0.9693,1.0,6.0,7.0
house,GarageType,501,0.1896,0.6305,256.0,0.0148,0.5096,0.8903,3.2674,6.064,0.2448,0.9724,1.0,6.0,7.0
house,GarageType,501,0.1776,0.6286,129.5,0.0146,0.5119,0.9057,3.1292,6.0631,0.2432,0.9732,1.0,6.0,7.0
house,GarageType,501,0.0958,0.6247,141.5,0.0132,0.5164,0.9088,3.1154,6.0684,0.2525,0.9683,0.9999,6.0,7.0
house,GarageType,501,0.0479,0.6352,303.0,0.0126,0.5109,0.9084,3.1499,6.0734,0.2608,0.9635,0.9998,6.0,7.0
house,SaleType,501,0.509,0.8984,221.0,0.0203,0.1886,0.4201,4.8805,2.1179,0.3909,0.9867,1.0,2.0,5.0
house,SaleType,501,0.475,0.9087,239.0,0.0304,0.1718,0.4278,1.7314,2.1141,0.4117,0.991,1.0,2.0,5.0
house,SaleType,501,0.4032,0.8763,262.0,0.0234,0.2258,0.5095,2.3248,2.1505,0.4562,0.9809,1.0,2.0,5.0
house,SaleType,501,0.3513,0.9015,293.0,0.0185,0.1828,0.4163,3.2693,2.1169,0.3983,0.9885,1.0,2.0,5.0
house,SaleType,501,0.2914,0.9127,324.0,0.0225,0.1648,0.417,1.7453,2.1211,0.4559,0.9914,1.0,2.0,5.0
house,SaleType,501,0.2295,0.8964,346.0,0.0155,0.1919,0.436,3.2649,2.1244,0.4136,0.9872,1.0,2.0,5.0
house,SaleType,501,0.1896,0.8916,362.0,0.0172,0.1998,0.4559,2.3395,2.133,0.435,0.9861,1.0,2.0,5.0
house,SaleType,501,0.1776,0.9053,373.0,0.0146,0.1765,0.4054,3.2821,2.1092,0.3755,0.9887,1.0,2.0,5.0
house,SaleType,501,0.0958,0.8985,407.0,0.0155,0.1878,0.4257,2.3396,2.1148,0.376,0.9853,1.0,2.0,5.0
house,SaleType,501,0.0479,0.8973,428.0,0.0147,0.1905,0.4425,2.3446,2.1279,0.4324,0.9879,1.0,2.0,5.0
house,BsmtQual,501,0.509,0.5,13.6667,0.0163,0.5934,1.0262,6.9104,2.0,0.0,nan,nan,2.0,2.0
house,BsmtQual,501,0.475,0.5361,17.625,0.0152,0.5781,0.9981,6.3312,2.0,0.0,nan,nan,2.0,2.0
house,BsmtQual,501,0.4032,0.4783,17.875,0.0134,0.5963,1.0225,7.097,2.0,0.0,nan,nan,2.0,2.0
house,BsmtQual,501,0.3513,0.4862,12.1538,0.0123,0.6098,1.0669,6.7006,2.0,0.0,nan,nan,2.0,2.0
house,BsmtQual,501,0.2914,0.5099,20.1111,0.0113,0.5824,0.9952,6.2944,2.0,0.0,nan,nan,2.0,2.0
house,BsmtQual,501,0.2295,0.4793,15.4167,0.0104,0.5952,1.0243,6.9226,2.0,0.0,nan,nan,2.0,2.0
house,BsmtQual,501,0.1896,0.5123,16.0,0.0099,0.5897,1.0209,6.8409,2.0,0.0,nan,nan,2.0,2.0
house,BsmtQual,501,0.1776,0.483,12.4375,0.0097,0.597,1.0344,6.8606,2.0,0.0,nan,nan,2.0,2.0
house,BsmtQual,501,0.0958,0.4923,14.8667,0.0088,0.5982,1.0368,7.3229,2.0,0.0,nan,nan,2.0,2.0
house,BsmtQual,501,0.0479,0.4864,14.5,0.0084,0.5982,1.0358,6.9346,2.0,0.0,nan,nan,2.0,2.0
house,KitchenQual,501,0.509,0.4919,13.4444,0.0163,0.5951,1.028,6.9401,2.0,0.0,nan,nan,2.0,2.0
house,KitchenQual,501,0.475,0.5513,11.1538,0.0152,0.5754,1.0072,6.5065,2.0,0.0,nan,nan,2.0,2.0
house,KitchenQual,501,0.4032,0.4849,12.0833,0.0134,0.5919,1.0205,6.9102,2.0,0.0,nan,nan,2.0,2.0
house,KitchenQual,501,0.3513,0.5169,28.0,0.0123,0.5818,0.9891,7.3395,2.0,0.0,nan,nan,2.0,2.0
house,KitchenQual,501,0.2914,0.5239,15.5,0.0113,0.5757,0.988,7.1083,2.0,0.0,nan,nan,2.0,2.0
house,KitchenQual,501,0.2295,0.4922,13.5714,0.0104,0.5828,0.9975,7.0417,2.0,0.0,nan,nan,2.0,2.0
house,KitchenQual,501,0.1896,0.5222,21.2,0.0099,0.571,0.9693,7.3486,2.0,0.0,nan,nan,2.0,2.0
house,KitchenQual,501,0.1776,0.5049,13.8667,0.0097,0.5847,1.0069,7.0123,2.0,0.0,nan,nan,2.0,2.0
house,KitchenQual,501,0.0958,0.5099,15.4,0.0088,0.5873,1.0146,7.3761,2.0,0.0,nan,nan,2.0,2.0
house,KitchenQual,501,0.0479,0.5115,16.2667,0.0084,0.5847,1.0074,7.0869,2.0,0.0,nan,nan,2.0,2.0
house,GarageFinish,501,0.509,0.5,2.1207,0.0122,0.6271,1.0389,7.4174,3.0,0.0,nan,nan,3.0,3.0
house,GarageFinish,501,0.475,0.5019,2.3571,0.0114,0.6238,1.0331,3.9791,3.0,0.0,nan,nan,3.0,3.0
house,GarageFinish,501,0.4032,0.4682,1.8421,0.01,0.6412,1.0592,4.6589,3.0,0.0,nan,nan,3.0,3.0
house,GarageFinish,501,0.3513,0.48,1.95,0.0092,0.636,1.052,12.4812,3.0,0.0,nan,nan,3.0,3.0
house,GarageFinish,501,0.2914,0.493,1.9886,0.0085,0.6302,1.0444,5.104,3.0,0.0,nan,nan,3.0,3.0
house,GarageFinish,501,0.2295,0.4611,2.0227,0.0078,0.6404,1.0572,5.1536,3.0,0.0,nan,nan,3.0,3.0
house,GarageFinish,501,0.1896,0.4704,2.0105,0.0074,0.6381,1.0549,5.1349,3.0,0.0,nan,nan,3.0,3.0
house,GarageFinish,501,0.1776,0.4951,2.1702,0.0073,0.6277,1.0407,12.6893,3.0,0.0,nan,nan,3.0,3.0
house,GarageFinish,501,0.0958,0.4989,2.1731,0.0066,0.6261,1.0387,12.6972,3.0,0.0,nan,nan,3.0,3.0
house,GarageFinish,501,0.0479,0.4759,1.9739,0.0063,0.6366,1.0536,12.4984,3.0,0.0,nan,nan,3.0,3.0
house,Exterior1st,501,0.509,0.3577,22.0,0.0407,0.8036,1.8736,0.8641,6.9797,0.1411,0.0011,1.0,6.0,7.0
house,Exterior1st,501,0.475,0.365,96.0,0.0418,0.7941,1.836,0.8604,6.9848,0.1224,0.0004,1.0,6.0,7.0
house,Exterior1st,501,0.4032,0.3913,117.0,0.0368,0.7787,1.7928,0.8706,6.9866,0.1149,0.0002,1.0,6.0,7.0
house,Exterior1st,501,0.3513,0.3692,120.0,0.0308,0.7928,1.8262,1.0508,6.9754,0.1549,0.0022,1.0,6.0,7.0
house,Exterior1st,501,0.2914,0.3746,133.0,0.031,0.7869,1.8008,0.873,6.9887,0.1055,0.0001,1.0,6.0,7.0
house,Exterior1st,501,0.2295,0.4041,39.0,0.0259,0.7735,1.7846,0.9421,6.9819,0.1334,0.0007,1.0,6.0,7.0
house,Exterior1st,501,0.1896,0.3719,151.0,0.0271,0.7894,1.8119,0.8815,6.9852,0.1207,0.0003,1.0,6.0,7.0
house,Exterior1st,501,0.1776,0.3714,38.25,0.0243,0.791,1.8227,0.9919,6.983,0.1292,0.0006,1.0,6.0,7.0
house,Exterior1st,501,0.0958,0.3885,176.0,0.0243,0.7816,1.8075,0.8778,6.9823,0.1317,0.0007,1.0,6.0,7.0
house,Exterior1st,501,0.0479,0.3774,180.0,0.0231,0.7888,1.8309,0.88,6.9832,0.1284,0.0005,1.0,6.0,7.0
house,BsmtFinType1,501,0.509,0.3699,8.2727,0.0244,0.7653,1.5872,1.5118,3.0,0.0,nan,nan,3.0,3.0
house,BsmtFinType1,501,0.475,0.3308,6.2143,0.0228,0.7843,1.6398,1.0501,3.0,0.0,nan,nan,3.0,3.0
house,BsmtFinType1,501,0.4032,0.3579,7.1333,0.0201,0.7671,1.5953,1.0668,3.0,0.0,nan,nan,3.0,3.0
house,BsmtFinType1,501,0.3513,0.3231,8.0769,0.0185,0.7764,1.6105,0.954,3.0,0.0,nan,nan,3.0,3.0
house,BsmtFinType1,501,0.2914,0.3324,5.619,0.0169,0.7773,1.6251,1.4007,3.0,0.0,nan,nan,3.0,3.0
house,BsmtFinType1,501,0.2295,0.3472,8.375,0.0155,0.7691,1.5957,2.3027,3.0,0.0,nan,nan,3.0,3.0
house,BsmtFinType1,501,0.1896,0.3374,6.85,0.0148,0.7793,1.6276,2.1465,3.0,0.0,nan,nan,3.0,3.0
house,BsmtFinType1,501,0.1776,0.3325,7.6111,0.0146,0.7773,1.6174,1.2839,3.0,0.0,nan,nan,3.0,3.0
house,BsmtFinType1,501,0.0958,0.3488,7.1818,0.0132,0.7689,1.6005,1.6913,3.0,0.0,nan,nan,3.0,3.0
house,BsmtFinType1,501,0.0479,0.348,7.9048,0.0126,0.7715,1.606,1.2222,3.0,0.0,nan,nan,3.0,3.0
house,Foundation,501,0.509,0.435,107.0,0.0244,0.6204,1.0899,3.2173,5.5325,0.5381,0.3727,0.2811,4.0,6.0
house,Foundation,501,0.475,0.4259,112.0,0.0228,0.6352,1.141,3.0051,5.5323,0.5428,0.3644,0.2986,4.0,6.0
house,Foundation,501,0.4032,0.4615,69.0,0.0201,0.6109,1.0749,3.1906,5.5017,0.5261,0.4299,0.213,4.0,6.0
house,Foundation,501,0.3513,0.4308,70.0,0.0185,0.6226,1.094,3.1581,5.5323,0.5289,0.3915,0.2436,4.0,6.0
house,Foundation,501,0.2914,0.4479,159.0,0.0169,0.6098,1.0558,3.2591,5.5493,0.5197,0.3921,0.2212,4.0,6.0
house,Foundation,501,0.2295,0.4663,180.0,0.0155,0.6041,1.0532,3.1786,5.5,0.5253,0.4334,0.2095,4.0,6.0
house,Foundation,501,0.1896,0.4433,90.0,0.0148,0.6083,1.066,3.1592,5.532,0.5278,0.3943,0.2387,4.0,6.0
house,Foundation,501,0.1776,0.432,89.0,0.0146,0.617,1.0884,3.1748,5.5291,0.5321,0.3883,0.2537,4.0,6.0
house,Foundation,501,0.0958,0.4371,99.0,0.0132,0.6177,1.0944,3.0984,5.5188,0.5338,0.3958,0.2514,4.0,6.0
house,Foundation,501,0.0479,0.4444,106.0,0.0126,0.611,1.0739,3.142,5.5178,0.5282,0.4086,0.2294,4.0,6.0
house,ExterQual,501,0.509,0.6179,38.0,0.0163,0.5078,0.8421,7.7452,2.0,0.0,nan,nan,2.0,2.0
house,ExterQual,501,0.475,0.673,59.0,0.0152,0.4645,0.7728,7.3264,2.0,0.0,nan,nan,2.0,2.0
house,ExterQual,501,0.4032,0.5987,44.75,0.0134,0.5185,0.8539,7.7848,2.0,0.0,nan,nan,2.0,2.0
house,ExterQual,501,0.3513,0.6246,203.0,0.0123,0.4957,0.793,7.4927,2.0,0.0,nan,nan,2.0,2.0
house,ExterQual,501,0.2914,0.6479,57.5,0.0113,0.4796,0.7816,7.7314,2.0,0.0,nan,nan,2.0,2.0
house,ExterQual,501,0.2295,0.6062,117.0,0.0104,0.5033,0.7999,7.7327,2.0,0.0,nan,nan,2.0,2.0
house,ExterQual,501,0.1896,0.6256,84.6667,0.0099,0.4965,0.8062,8.1205,2.0,0.0,nan,nan,2.0,2.0
house,ExterQual,501,0.1776,0.6214,51.2,0.0097,0.5018,0.8246,7.8559,2.0,0.0,nan,nan,2.0,2.0
house,ExterQual,501,0.0958,0.6269,71.0,0.0088,0.4959,0.8081,8.0895,2.0,0.0,nan,nan,2.0,2.0
house,ExterQual,501,0.0479,0.6268,74.75,0.0084,0.4959,0.8079,7.9523,2.0,0.0,nan,nan,2.0,2.0
house,LandSlope,501,0.509,0.9593,118.0,0.0122,0.0788,0.1903,16.1899,3.0,0.0,nan,nan,3.0,3.0
house,LandSlope,501,0.475,0.9544,125.5,0.0114,0.088,0.206,16.8505,3.0,0.0,nan,nan,3.0,3.0
house,LandSlope,501,0.4032,0.9532,142.5,0.01,0.0901,0.2083,16.1457,3.0,0.0,nan,nan,3.0,3.0
house,LandSlope,501,0.3513,0.9415,102.0,0.0092,0.1113,0.2482,16.3102,3.0,0.0,nan,nan,3.0,3.0
house,LandSlope,501,0.2914,0.9465,112.0,0.0085,0.1024,0.2321,16.0239,3.0,0.0,nan,nan,3.0,3.0
house,LandSlope,501,0.2295,0.9482,183.0,0.0078,0.099,0.2207,16.1176,3.0,0.0,nan,nan,3.0,3.0
house,LandSlope,501,0.1896,0.9557,21.5556,0.0049,0.0849,0.1815,40.9791,3.0,0.0,nan,nan,3.0,3.0
house,LandSlope,501,0.1776,0.9539,131.0,0.0073,0.0888,0.207,16.4289,3.0,0.0,nan,nan,3.0,3.0
house,LandSlope,501,0.0958,0.947,214.5,0.0066,0.101,0.2224,16.48,3.0,0.0,nan,nan,3.0,3.0
house,LandSlope,501,0.0479,0.9476,150.6667,0.0063,0.1001,0.2248,16.0856,3.0,0.0,nan,nan,3.0,3.0
house,Exterior2nd,501,0.509,0.3496,86.0,0.0488,0.81,1.9286,0.6523,6.9756,0.1543,0.0021,1.0,6.0,7.0
house,Exterior2nd,501,0.475,0.3574,94.0,0.0456,0.7972,1.8327,0.7226,6.9772,0.1729,0.0002,1.0,5.0,7.0
house,Exterior2nd,501,0.4032,0.3846,115.0,0.0468,0.7852,1.8424,0.5236,6.9799,0.1623,0.0001,1.0,5.0,7.0
house,Exterior2nd,501,0.3513,0.3662,119.0,0.04,0.7975,1.886,0.6152,6.9692,0.1897,0.0012,1.0,5.0,7.0
house,Exterior2nd,501,0.2914,0.3662,130.0,0.0366,0.792,1.8377,0.6157,6.9859,0.1178,0.0003,1.0,6.0,7.0
house,Exterior2nd,501,0.2295,0.4016,155.0,0.0337,0.779,1.8475,0.6161,6.9767,0.1672,0.0004,1.0,5.0,7.0
house,Exterior2nd,501,0.1896,0.3695,150.0,0.0345,0.7928,1.8463,0.5305,6.9803,0.1557,0.0002,1.0,5.0,7.0
house,Exterior2nd,501,0.1776,0.3641,150.0,0.0316,0.7994,1.8924,0.6177,6.9757,0.1689,0.0005,1.0,5.0,7.0
house,Exterior2nd,501,0.0958,0.3819,173.0,0.0309,0.7888,1.8685,0.5323,6.9757,0.1677,0.0005,1.0,5.0,7.0
house,Exterior2nd,501,0.0479,0.3732,178.0,0.0294,0.7943,1.8856,0.5332,6.9769,0.1635,0.0004,1.0,5.0,7.0
house,BldgType,501,0.509,0.8455,41.6,0.0203,0.2792,0.6312,4.4133,4.2724,0.6587,0.8925,0.9344,4.0,6.0
house,BldgType,501,0.475,0.8479,44.6,0.019,0.2757,0.6277,4.4519,4.2852,0.6856,0.8853,0.9053,4.0,6.0
house,BldgType,501,0.4032,0.8595,32.125,0.0167,0.2565,0.5923,4.3166,4.2542,0.6458,0.9034,0.9586,4.0,6.0
house,BldgType,501,0.3513,0.8615,40.0,0.0154,0.2531,0.5855,4.2452,4.2462,0.6332,0.908,0.9683,4.0,6.0
house,BldgType,501,0.2914,0.8451,37.5,0.0141,0.2798,0.6352,4.3594,4.2789,0.6701,0.8888,0.9214,4.0,6.0
house,BldgType,501,0.2295,0.8446,32.6,0.013,0.2803,0.6348,4.3244,4.2798,0.671,0.8882,0.9197,4.0,6.0
house,BldgType,501,0.1896,0.8621,38.8889,0.0123,0.2517,0.5793,4.4115,4.2537,0.6487,0.9038,0.9584,4.0,6.0
house,BldgType,501,0.1776,0.8519,35.1,0.0121,0.2685,0.6142,4.3793,4.2718,0.6675,0.8931,0.9322,4.0,6.0
house,BldgType,501,0.0958,0.8543,48.375,0.011,0.2642,0.6002,4.5184,4.2737,0.6744,0.8921,0.927,4.0,6.0
house,BldgType,501,0.0479,0.8491,33.75,0.0105,0.2729,0.6207,4.3346,4.2767,0.6721,0.8902,0.9238,4.0,6.0
house,BsmtExposure,501,0.509,0.7073,11.6,0.0163,0.4681,0.9018,5.7921,2.0,0.0,nan,nan,2.0,2.0
house,BsmtExposure,501,0.475,0.6882,9.05,0.0152,0.4918,0.9446,5.6836,2.0,0.0,nan,nan,2.0,2.0
house,BsmtExposure,501,0.4032,0.7057,11.1053,0.0134,0.4717,0.914,5.9728,2.0,0.0,nan,nan,2.0,2.0
house,BsmtExposure,501,0.3513,0.6615,8.9583,0.0123,0.5198,0.9867,4.9852,2.0,0.0,nan,nan,2.0,2.0
house,BsmtExposure,501,0.2914,0.662,8.3929,0.0113,0.5199,0.989,5.1588,2.0,0.0,nan,nan,2.0,2.0
house,BsmtExposure,501,0.2295,0.6917,10.68,0.0104,0.4846,0.9267,5.312,2.0,0.0,nan,nan,2.0,2.0
house,BsmtExposure,501,0.1896,0.697,9.7586,0.0099,0.4817,0.9317,5.1694,2.0,0.0,nan,nan,2.0,2.0
house,BsmtExposure,501,0.1776,0.7063,11.1923,0.0097,0.4692,0.9072,6.0319,2.0,0.0,nan,nan,2.0,2.0
house,BsmtExposure,501,0.0958,0.6909,10.0968,0.0088,0.4867,0.9344,7.5686,2.0,0.0,nan,nan,2.0,2.0
house,BsmtExposure,501,0.0479,0.6876,9.6471,0.0084,0.4896,0.9369,5.3495,2.0,0.0,nan,nan,2.0,2.0
house,FireplaceQu,501,0.509,0.687,84.5,0.0203,0.4612,0.8171,4.3687,2.0,0.0,nan,nan,2.0,2.0
house,FireplaceQu,501,0.475,0.692,91.0,0.019,0.4585,0.8204,4.2878,2.0,0.0,nan,nan,2.0,2.0
house,FireplaceQu,501,0.4032,0.7258,108.5,0.0167,0.4204,0.7435,4.612,2.0,0.0,nan,nan,2.0,2.0
house,FireplaceQu,501,0.3513,0.7138,77.3333,0.0154,0.4383,0.7967,4.0759,2.0,0.0,nan,nan,2.0,2.0
house,FireplaceQu,501,0.2914,0.7465,88.3333,0.0141,0.4045,0.7581,4.0798,2.0,0.0,nan,nan,2.0,2.0
house,FireplaceQu,501,0.2295,0.7383,95.0,0.013,0.4078,0.7387,4.5727,2.0,0.0,nan,nan,2.0,2.0
house,FireplaceQu,501,0.1896,0.7315,74.25,0.0123,0.4196,0.7732,4.5796,2.0,0.0,nan,nan,2.0,2.0
house,FireplaceQu,501,0.1776,0.7282,75.0,0.0121,0.4209,0.7661,4.2367,2.0,0.0,nan,nan,2.0,2.0
house,FireplaceQu,501,0.0958,0.7461,169.0,0.011,0.4017,0.7381,4.3341,2.0,0.0,nan,nan,2.0,2.0
house,FireplaceQu,501,0.0479,0.7338,87.5,0.0105,0.4164,0.7667,4.1883,2.0,0.0,nan,nan,2.0,2.0
house,Heating,501,0.509,0.9797,241.0,0.0122,0.0401,0.1095,16.5312,4.0,0.0,nan,nan,4.0,4.0
house,Heating,501,0.475,0.9734,128.0,0.0114,0.0523,0.1387,17.1322,4.0,0.0,nan,nan,4.0,4.0
house,Heating,501,0.4032,0.9766,97.3333,0.01,0.0461,0.127,16.3604,4.0,0.0,nan,nan,4.0,4.0
house,Heating,501,0.3513,0.9754,105.6667,0.0092,0.0485,0.1318,16.3634,4.0,0.0,nan,nan,4.0,4.0
house,Heating,501,0.2914,0.9775,115.6667,0.0085,0.0444,0.1227,16.4064,4.0,0.0,nan,nan,4.0,4.0
house,Heating,501,0.2295,0.9741,75.2,0.0078,0.0509,0.1382,16.2647,4.0,0.0,nan,nan,4.0,4.0
house,Heating,501,0.1896,0.9803,199.0,0.0074,0.0389,0.108,16.3008,4.0,0.0,nan,nan,4.0,4.0
house,Heating,501,0.1776,0.9782,100.75,0.0073,0.0431,0.1201,16.3331,4.0,0.0,nan,nan,4.0,4.0
house,Heating,501,0.0958,0.9757,88.4,0.0066,0.0478,0.131,16.2783,4.0,0.0,nan,nan,4.0,4.0
house,Heating,501,0.0479,0.979,93.4,0.0063,0.0414,0.1163,16.3807,4.0,0.0,nan,nan,4.0,4.0
house,LandContour,501,0.509,0.9268,76.0,0.0163,0.1391,0.3301,7.8905,3.0,0.0,nan,nan,3.0,3.0
house,LandContour,501,0.475,0.9087,59.75,0.0152,0.1712,0.393,7.8789,3.0,0.0,nan,nan,3.0,3.0
house,LandContour,501,0.4032,0.8997,44.8333,0.0134,0.1874,0.4291,7.596,3.0,0.0,nan,nan,3.0,3.0
house,LandContour,501,0.3513,0.9046,42.0,0.0123,0.179,0.4159,7.545,3.0,0.0,nan,nan,3.0,3.0
house,LandContour,501,0.2914,0.9099,46.1429,0.0113,0.1696,0.3962,7.4189,3.0,0.0,nan,nan,3.0,3.0
house,LandContour,501,0.2295,0.9145,70.6,0.0104,0.161,0.3739,7.6978,3.0,0.0,nan,nan,3.0,3.0
house,LandContour,501,0.1896,0.9138,53.0,0.0099,0.1626,0.383,7.6305,3.0,0.0,nan,nan,3.0,3.0
house,LandContour,501,0.1776,0.915,47.125,0.0097,0.1604,0.3796,7.5845,3.0,0.0,nan,nan,3.0,3.0
house,LandContour,501,0.0958,0.9073,45.6667,0.0088,0.1738,0.4016,7.7803,3.0,0.0,nan,nan,3.0,3.0
house,LandContour,501,0.0479,0.9015,47.7778,0.0084,0.1839,0.4211,7.5226,3.0,0.0,nan,nan,3.0,3.0
house,LotShape,501,0.509,0.6911,170.0,0.0163,0.4384,0.6911,8.085,3.0,0.0,nan,nan,3.0,3.0
house,LotShape,501,0.475,0.6654,87.5,0.0152,0.4637,0.7462,8.1997,3.0,0.0,nan,nan,3.0,3.0
house,LotShape,501,0.4032,0.6622,198.0,0.0134,0.4597,0.7145,8.1039,3.0,0.0,nan,nan,3.0,3.0
house,LotShape,501,0.3513,0.6492,105.5,0.0123,0.4713,0.7418,8.0231,3.0,0.0,nan,nan,3.0,3.0
house,LotShape,501,0.2914,0.662,235.0,0.0113,0.4615,0.723,8.094,3.0,0.0,nan,nan,3.0,3.0
house,LotShape,501,0.2295,0.6839,37.7143,0.0078,0.4443,0.6933,12.5674,3.0,0.0,nan,nan,3.0,3.0
house,LotShape,501,0.1896,0.6601,134.0,0.0099,0.4626,0.7273,7.8444,3.0,0.0,nan,nan,3.0,3.0
house,LotShape,501,0.1776,0.6529,269.0,0.0097,0.4702,0.7415,8.0737,3.0,0.0,nan,nan,3.0,3.0
house,LotShape,501,0.0958,0.6821,309.0,0.0088,0.4478,0.7126,8.0839,3.0,0.0,nan,nan,3.0,3.0
house,LotShape,501,0.0479,0.6709,160.0,0.0084,0.4556,0.7221,8.0573,3.0,0.0,nan,nan,3.0,3.0
house,MasVnrType,501,0.509,0.6138,75.5,0.0163,0.5251,0.8862,5.4114,5.0122,1.3629,0.6704,0.1957,4.0,7.0
house,MasVnrType,501,0.475,0.6198,81.5,0.0152,0.5109,0.8473,6.1686,5.0342,1.3853,0.6611,0.1832,4.0,7.0
house,MasVnrType,501,0.4032,0.6221,62.0,0.0134,0.5211,0.8887,5.3127,4.9833,1.35,0.6805,0.2076,4.0,7.0
house,MasVnrType,501,0.3513,0.6338,68.6667,0.0123,0.5142,0.8819,6.1496,4.9415,1.3312,0.6957,0.2281,4.0,7.0
house,MasVnrType,501,0.2914,0.6366,56.5,0.0113,0.5105,0.8778,5.2972,4.9437,1.3352,0.6943,0.2251,4.0,7.0
house,MasVnrType,501,0.2295,0.6114,118.0,0.0104,0.5231,0.8738,6.3324,5.0259,1.3712,0.6657,0.1901,4.0,7.0
house,MasVnrType,501,0.1896,0.6305,128.0,0.0099,0.5126,0.8652,6.1982,4.9606,1.344,0.6892,0.2176,4.0,7.0
house,MasVnrType,501,0.1776,0.6359,87.3333,0.0097,0.5065,0.8579,5.4685,4.9587,1.3477,0.6889,0.2161,4.0,7.0
house,MasVnrType,501,0.0958,0.6534,74.0,0.0088,0.495,0.8504,6.3827,4.9029,1.322,0.7088,0.2459,4.0,7.0
house,MasVnrType,501,0.0479,0.631,75.25,0.0084,0.5122,0.8717,5.3669,4.9644,1.3462,0.6871,0.2148,4.0,7.0
house,PavedDrive,501,0.509,0.9106,44.8,0.0122,0.1664,0.3492,15.8286,1.0,0.0,nan,nan,1.0,1.0
house,PavedDrive,501,0.475,0.9163,40.1667,0.0114,0.1567,0.3366,15.9492,1.0,0.0,nan,nan,1.0,1.0
house,PavedDrive,501,0.4032,0.9164,45.6667,0.01,0.1563,0.3336,15.3942,1.0,0.0,nan,nan,1.0,1.0
house,PavedDrive,501,0.3513,0.92,59.8,0.0092,0.1496,0.3179,16.0215,1.0,0.0,nan,nan,1.0,1.0
house,PavedDrive,501,0.2914,0.9155,81.25,0.0085,0.1568,0.3228,16.1213,1.0,0.0,nan,nan,1.0,1.0
house,PavedDrive,501,0.2295,0.9275,44.75,0.0078,0.1371,0.3036,15.5163,1.0,0.0,nan,nan,1.0,1.0
house,PavedDrive,501,0.1896,0.9138,46.375,0.0074,0.1606,0.34,15.3703,1.0,0.0,nan,nan,1.0,1.0
house,PavedDrive,501,0.1776,0.9175,37.8,0.0073,0.1546,0.3349,15.7457,1.0,0.0,nan,nan,1.0,1.0
house,PavedDrive,501,0.0958,0.9161,46.1111,0.0066,0.1566,0.3341,15.8695,1.0,0.0,nan,nan,1.0,1.0
house,PavedDrive,501,0.0479,0.9224,48.8889,0.0063,0.1456,0.3158,15.9303,1.0,0.0,nan,nan,1.0,1.0
house,RoofStyle,501,0.509,0.7764,191.0,0.0203,0.3572,0.6209,4.7306,4.6098,0.8471,0.2596,0.6131,3.0,7.0
house,RoofStyle,501,0.475,0.7871,207.0,0.019,0.3441,0.6019,4.7998,4.6274,0.8307,0.2452,0.657,3.0,7.0
house,RoofStyle,501,0.4032,0.7659,229.0,0.0167,0.3659,0.6094,4.7781,4.5652,0.8528,0.248,0.5004,3.0,7.0
house,RoofStyle,501,0.3513,0.7815,254.0,0.0154,0.3513,0.6159,4.758,4.6123,0.8286,0.2396,0.6225,3.0,7.0
house,RoofStyle,501,0.2914,0.7803,277.0,0.0141,0.352,0.6117,4.7629,4.6056,0.8304,0.2379,0.6041,3.0,7.0
house,RoofStyle,501,0.2295,0.7798,301.0,0.013,0.3498,0.5901,4.7331,4.5959,0.8378,0.2381,0.5741,3.0,7.0
house,RoofStyle,501,0.1896,0.7783,316.0,0.0123,0.3512,0.5896,4.7798,4.5911,0.8395,0.2382,0.5616,3.0,7.0
house,RoofStyle,501,0.1776,0.7743,319.0,0.0121,0.3557,0.5941,4.7848,4.5825,0.845,0.2422,0.5405,3.0,7.0
house,RoofStyle,501,0.0958,0.7748,175.5,0.011,0.3572,0.6136,4.865,4.5938,0.8421,0.2466,0.5732,3.0,7.0
house,RoofStyle,501,0.0479,0.7841,374.0,0.0105,0.3445,0.5824,4.7859,4.5996,0.8274,0.2263,0.5821,3.0,7.0
house,HouseStyle,501,0.509,0.4959,61.0,0.0285,0.66,1.3162,2.2215,5.8862,0.4633,0.0213,1.0,4.0,6.0
house,HouseStyle,501,0.475,0.4601,40.3333,0.0266,0.6708,1.3339,2.0973,5.8707,0.4918,0.0282,1.0,4.0,6.0
house,HouseStyle,501,0.4032,0.4783,143.0,0.0234,0.6416,1.2175,2.2545,5.893,0.4501,0.0186,1.0,4.0,6.0
house,HouseStyle,501,0.3513,0.4862,79.0,0.0215,0.6496,1.2633,2.2605,5.9077,0.4196,0.013,1.0,4.0,6.0
house,HouseStyle,501,0.2914,0.507,60.0,0.0197,0.6432,1.2653,2.2211,5.8761,0.4822,0.0257,1.0,4.0,6.0
house,HouseStyle,501,0.2295,0.5026,97.0,0.0181,0.634,1.2212,2.131,5.886,0.4637,0.0214,1.0,4.0,6.0
house,HouseStyle,501,0.1896,0.5197,70.3333,0.0172,0.6306,1.228,2.1753,5.9015,0.4328,0.0153,1.0,4.0,6.0
house,HouseStyle,501,0.1776,0.5243,54.0,0.017,0.6247,1.2191,2.1477,5.9126,0.4088,0.0114,1.0,4.0,6.0
house,HouseStyle,501,0.0958,0.5077,57.5,0.0155,0.64,1.2583,2.1798,5.8985,0.4391,0.0164,1.0,4.0,6.0
house,HouseStyle,501,0.0479,0.4969,59.25,0.0147,0.6426,1.257,2.1875,5.8952,0.4457,0.0177,1.0,4.0,6.0
mushrooms,SporePrintColor,4021,0.5073,0.3059,101.0,0.0045,0.7552,1.4917,1.3491,5.7511,1.5573,0.8307,0.6386,4.0,9.0
mushrooms,SporePrintColor,4021,0.4526,0.3062,84.25,0.0041,0.7576,1.5038,1.3321,5.8078,1.6036,0.8134,0.5514,4.0,9.0
mushrooms,SporePrintColor,4021,0.4009,0.3018,121.1667,0.0037,0.7585,1.5091,1.3512,5.7924,1.5939,0.8171,0.5712,4.0,9.0
mushrooms,SporePrintColor,4021,0.3643,0.3063,87.0,0.0035,0.7562,1.4953,1.3438,5.8044,1.5989,0.8151,0.5586,4.0,9.0
mushrooms,SporePrintColor,4021,0.3029,0.3047,77.6364,0.0032,0.7581,1.5084,1.3379,5.8077,1.6013,0.8138,0.5536,4.0,9.0
mushrooms,SporePrintColor,4021,0.2544,0.2989,81.4545,0.003,0.7587,1.5084,1.3411,5.8035,1.6017,0.8141,0.5559,4.0,9.0
mushrooms,SporePrintColor,4021,0.2064,0.3015,87.4545,0.0028,0.7584,1.5073,1.3436,5.8189,1.6104,0.8103,0.5372,4.0,9.0
mushrooms,SporePrintColor,4021,0.1445,0.3029,80.1538,0.0026,0.758,1.5066,1.3394,5.8055,1.6006,0.8141,0.5558,4.0,9.0
mushrooms,SporePrintColor,4021,0.0975,0.3048,79.0,0.0025,0.7582,1.5105,1.3388,5.7969,1.5944,0.8165,0.5678,4.0,9.0
mushrooms,SporePrintColor,4021,0.0428,0.3024,83.1429,0.0023,0.7578,1.5043,1.3422,5.8049,1.5998,0.8146,0.5572,4.0,9.0
mushrooms,RingType,4021,0.5073,0.4967,196.8,0.0025,0.6114,1.0393,4.909,7.7289,1.7903,0.5291,0.226,4.0,10.0
mushrooms,RingType,4021,0.4526,0.4975,121.6667,0.0023,0.6173,1.0598,4.906,7.647,1.8032,0.5371,0.2338,4.0,10.0
mushrooms,RingType,4021,0.4009,0.4815,128.8889,0.0021,0.6213,1.0593,4.7899,7.7007,1.8216,0.5259,0.2221,4.0,10.0
mushrooms,RingType,4021,0.3643,0.4824,112.0909,0.002,0.6223,1.0701,4.8135,7.6991,1.8171,0.5267,0.2241,4.0,10.0
mushrooms,RingType,4021,0.3029,0.4795,122.1818,0.0018,0.6232,1.0678,4.8344,7.6985,1.8229,0.5259,0.2222,4.0,10.0
mushrooms,RingType,4021,0.2544,0.4843,145.2,0.0017,0.6196,1.0578,4.8943,7.7081,1.814,0.5266,0.2229,4.0,10.0
mushrooms,RingType,4021,0.2064,0.4788,109.1429,0.0016,0.6249,1.0732,4.7414,7.6825,1.826,0.5275,0.2232,4.0,10.0
mushrooms,RingType,4021,0.1445,0.4811,127.3077,0.0015,0.6217,1.0641,4.8815,7.7064,1.8194,0.5254,0.2223,4.0,10.0
mushrooms,RingType,4021,0.0975,0.482,109.3125,0.0014,0.6213,1.0632,4.8959,7.7021,1.8209,0.5253,0.2231,4.0,10.0
mushrooms,RingType,4021,0.0428,0.4825,109.2353,0.0013,0.6218,1.0657,4.8857,7.696,1.8199,0.5265,0.2238,4.0,10.0
mushrooms,GillSize,4021,0.5073,0.6896,2.2211,0.001,0.4284,0.6195,32.1082,5.3104,0.4627,0.6941,0.2094,5.0,6.0
mushrooms,GillSize,4021,0.4526,0.6829,2.1533,0.0009,0.4333,0.6247,31.8577,5.3171,0.4654,0.687,0.2006,5.0,6.0
mushrooms,GillSize,4021,0.4009,0.6887,2.212,0.0008,0.429,0.6202,24.2917,5.3113,0.463,0.6932,0.2082,5.0,6.0
mushrooms,GillSize,4021,0.3643,0.6796,2.1209,0.0008,0.4357,0.6272,19.7183,5.3204,0.4666,0.6834,0.1966,5.0,6.0
mushrooms,GillSize,4021,0.3029,0.6836,2.1601,0.0007,0.4328,0.6242,20.0165,5.3164,0.4651,0.6877,0.2015,5.0,6.0
mushrooms,GillSize,4021,0.2544,0.6885,2.2099,0.0007,0.4291,0.6203,32.0672,5.3115,0.4631,0.6929,0.2079,5.0,6.0
mushrooms,GillSize,4021,0.2064,0.6854,2.1783,0.0006,0.4314,0.6228,24.0853,5.3146,0.4644,0.6896,0.2038,5.0,6.0
mushrooms,GillSize,4021,0.1445,0.6866,2.1911,0.0006,0.4305,0.6218,31.9985,5.3134,0.4639,0.691,0.2055,5.0,6.0
mushrooms,GillSize,4021,0.0975,0.687,2.1945,0.0006,0.4302,0.6215,32.0112,5.313,0.4637,0.6913,0.2059,5.0,6.0
mushrooms,GillSize,4021,0.0428,0.689,2.2155,0.0005,0.4287,0.6199,32.0879,5.311,0.4629,0.6935,0.2086,5.0,6.0
mushrooms,GillColor,4021,0.5073,0.2191,86.8,0.0061,0.8575,2.0928,0.6611,4.8874,1.3988,0.8813,0.9684,3.0,9.0
mushrooms,GillColor,4021,0.4526,0.2154,94.8,0.0055,0.854,2.0684,0.7342,4.8433,1.3577,0.8932,0.9816,3.0,9.0
mushrooms,GillColor,4021,0.4009,0.2167,104.4,0.005,0.8592,2.0963,0.7285,4.9315,1.4441,0.8736,0.9503,3.0,9.0
mushrooms,GillColor,4021,0.3643,0.2191,70.0,0.0047,0.8554,2.0803,0.6601,4.8889,1.4223,0.8818,0.9639,3.0,9.0
mushrooms,GillColor,4021,0.3029,0.218,101.8333,0.0043,0.8556,2.0809,0.7304,4.8762,1.4005,0.8842,0.97,3.0,9.0
mushrooms,GillColor,4021,0.2544,0.2175,108.6667,0.004,0.8576,2.0928,0.7321,4.8963,1.4199,0.8787,0.9617,3.0,9.0
mushrooms,GillColor,4021,0.2064,0.2184,99.5714,0.0038,0.8564,2.0866,0.7312,4.8903,1.4135,0.8807,0.9646,3.0,9.0
mushrooms,GillColor,4021,0.1445,0.2163,93.0,0.0035,0.8572,2.0908,0.6704,4.8881,1.4093,0.8812,0.9659,3.0,9.0
mushrooms,GillColor,4021,0.0975,0.2202,79.9,0.0033,0.8569,2.0907,0.6585,4.887,1.4038,0.8825,0.9678,3.0,9.0
mushrooms,GillColor,4021,0.0428,0.2154,82.9,0.0031,0.8578,2.094,0.6663,4.8888,1.4073,0.8813,0.9664,3.0,9.0
mushrooms,Bruises,4021,0.5073,0.5765,1.3611,0.001,0.4885,0.6814,27.8679,4.5765,0.4941,0.4232,0.1296,4.0,5.0
mushrooms,Bruises,4021,0.4526,0.5802,1.382,0.0009,0.4874,0.6802,28.0072,4.5802,0.4935,0.4195,0.1307,4.0,5.0
mushrooms,Bruises,4021,0.4009,0.5928,1.4557,0.0008,0.483,0.6758,18.2986,4.5928,0.4913,0.4067,0.135,4.0,5.0
mushrooms,Bruises,4021,0.3643,0.5912,1.4459,0.0008,0.4836,0.6764,13.0869,4.5912,0.4916,0.4083,0.1344,4.0,5.0
mushrooms,Bruises,4021,0.3029,0.5915,1.448,0.0007,0.4834,0.6763,13.1132,4.5915,0.4916,0.408,0.1345,4.0,5.0
mushrooms,Bruises,4021,0.2544,0.5887,1.4315,0.0007,0.4844,0.6773,28.3272,4.5887,0.4921,0.4108,0.1335,4.0,5.0
mushrooms,Bruises,4021,0.2064,0.5904,1.4415,0.0006,0.4838,0.6767,18.1507,4.5904,0.4918,0.4091,0.1341,4.0,5.0
mushrooms,Bruises,4021,0.1445,0.591,1.4449,0.0006,0.4836,0.6765,28.4121,4.591,0.4917,0.4085,0.1344,4.0,5.0
mushrooms,Bruises,4021,0.0975,0.5886,1.4307,0.0006,0.4844,0.6774,28.3222,4.5886,0.4921,0.4109,0.1335,4.0,5.0
mushrooms,Bruises,4021,0.0428,0.5874,1.4238,0.0005,0.4848,0.6778,28.2784,4.5874,0.4923,0.4121,0.1331,4.0,5.0
mushrooms,StalkRoot,4021,0.5073,0.4568,18.1,0.0025,0.6702,1.2726,3.9614,7.1191,1.5656,0.4078,0.3229,4.0,9.0
mushrooms,StalkRoot,4021,0.4526,0.4666,20.9592,0.0023,0.6654,1.2612,4.0314,7.1104,1.5594,0.4068,0.3302,4.0,9.0
mushrooms,StalkRoot,4021,0.4009,0.4687,20.1607,0.0021,0.6627,1.2533,2.5383,7.1279,1.5372,0.4116,0.3299,4.0,9.0
mushrooms,StalkRoot,4021,0.3643,0.4593,20.9643,0.002,0.6673,1.2601,3.2046,7.1228,1.5539,0.4121,0.3195,4.0,9.0
mushrooms,StalkRoot,4021,0.3029,0.4581,18.6087,0.0018,0.6692,1.2692,2.9726,7.1199,1.5603,0.4096,0.3222,4.0,9.0
mushrooms,StalkRoot,4021,0.2544,0.4653,18.1169,0.0017,0.6658,1.2633,3.9404,7.1207,1.5435,0.4118,0.3278,4.0,9.0
mushrooms,StalkRoot,4021,0.2064,0.471,19.0253,0.0016,0.6622,1.2553,2.2321,7.1263,1.5356,0.4104,0.3342,4.0,9.0
mushrooms,StalkRoot,4021,0.1445,0.4622,19.3902,0.0015,0.6673,1.2642,2.1564,7.1148,1.5518,0.4123,0.323,4.0,9.0
mushrooms,StalkRoot,4021,0.0975,0.4657,18.9888,0.0014,0.6647,1.26,4.4427,7.1268,1.5453,0.4095,0.3297,4.0,9.0
mushrooms,StalkRoot,4021,0.0428,0.4651,19.6703,0.0013,0.666,1.2622,4.4308,7.113,1.5497,0.4116,0.326,4.0,9.0
mushrooms,GillSpacing,4021,0.5073,0.844,5.411,0.001,0.2634,0.4329,34.0011,5.312,0.7257,0.8695,0.8314,5.0,7.0
mushrooms,GillSpacing,4021,0.4526,0.8483,5.5898,0.0009,0.2576,0.4257,34.2657,5.3035,0.7176,0.8745,0.8543,5.0,7.0
mushrooms,GillSpacing,4021,0.4009,0.8364,5.1142,0.0008,0.2737,0.4455,33.5279,5.3271,0.7397,0.8605,0.7875,5.0,7.0
mushrooms,GillSpacing,4021,0.3643,0.8345,5.0426,0.0008,0.2763,0.4487,31.338,5.331,0.7432,0.8582,0.7757,5.0,7.0
mushrooms,GillSpacing,4021,0.3029,0.8395,5.2289,0.0007,0.2696,0.4406,31.7093,5.3211,0.7342,0.8641,0.8054,5.0,7.0
mushrooms,GillSpacing,4021,0.2544,0.8382,5.1814,0.0007,0.2713,0.4426,33.6391,5.3235,0.7365,0.8626,0.7981,5.0,7.0
mushrooms,GillSpacing,4021,0.2064,0.8455,5.4726,0.0006,0.2613,0.4304,34.0939,5.309,0.7228,0.8712,0.8396,5.0,7.0
mushrooms,GillSpacing,4021,0.1445,0.8355,5.0777,0.0006,0.275,0.4471,33.4666,5.3291,0.7415,0.8593,0.7815,5.0,7.0
mushrooms,GillSpacing,4021,0.0975,0.8424,5.3444,0.0006,0.2656,0.4357,37.8393,5.3152,0.7288,0.8675,0.8222,5.0,7.0
mushrooms,GillSpacing,4021,0.0428,0.8392,5.2181,0.0005,0.27,0.441,37.7192,5.3216,0.7347,0.8637,0.8037,5.0,7.0
mushrooms,StalkColorAboveRing,4021,0.5073,0.5583,276.5,0.0045,0.6251,1.321,1.3604,4.6507,0.5738,0.5267,0.8994,3.0,8.0
mushrooms,StalkColorAboveRing,4021,0.4526,0.5525,1216.0,0.0041,0.627,1.3181,1.3745,4.6502,0.5963,0.6445,0.9855,3.0,8.0
mushrooms,StalkColorAboveRing,4021,0.4009,0.5459,263.0,0.0037,0.6388,1.3592,1.3583,4.6534,0.5882,0.5849,0.9522,3.0,8.0
mushrooms,StalkColorAboveRing,4021,0.3643,0.5599,715.5,0.0035,0.6231,1.3145,1.3728,4.6545,0.5834,0.5954,0.9741,3.0,8.0
mushrooms,StalkColorAboveRing,4021,0.3029,0.5433,253.8333,0.0032,0.6392,1.3583,1.3571,4.6457,0.5929,0.5859,0.9566,3.0,8.0
mushrooms,StalkColorAboveRing,4021,0.2544,0.548,410.75,0.003,0.6328,1.3342,1.3674,4.6494,0.5806,0.5773,0.9403,3.0,8.0
mushrooms,StalkColorAboveRing,4021,0.2064,0.5453,435.0,0.0028,0.6382,1.3527,1.3668,4.6543,0.5887,0.6116,0.9712,3.0,8.0
mushrooms,StalkColorAboveRing,4021,0.1445,0.5523,271.4286,0.0026,0.6292,1.3286,1.3591,4.657,0.5815,0.5942,0.9579,3.0,8.0
mushrooms,StalkColorAboveRing,4021,0.0975,0.5464,283.2857,0.0025,0.6349,1.3454,1.3592,4.6533,0.5925,0.6101,0.9695,3.0,8.0
mushrooms,StalkColorAboveRing,4021,0.0428,0.5498,352.6667,0.0023,0.632,1.3368,1.3634,4.6524,0.5898,0.6096,0.9716,3.0,8.0
mushrooms,StalkColorBelowRing,4021,0.5073,0.5366,212.6,0.0045,0.6441,1.3667,1.3238,4.6381,0.5822,0.5409,0.8844,3.0,8.0
mushrooms,StalkColorBelowRing,4021,0.4526,0.5384,237.0,0.0041,0.6457,1.3766,1.3547,4.6538,0.6007,0.637,0.9839,3.0,8.0
mushrooms,StalkColorBelowRing,4021,0.4009,0.528,141.3333,0.0037,0.6515,1.3849,1.332,4.6467,0.592,0.5949,0.9473,3.0,8.0
mushrooms,StalkColorBelowRing,4021,0.3643,0.536,274.0,0.0035,0.6442,1.3618,1.3591,4.6436,0.5875,0.6074,0.9707,3.0,8.0
mushrooms,StalkColorBelowRing,4021,0.3029,0.5326,135.7273,0.0032,0.6479,1.3779,1.3384,4.6482,0.591,0.6003,0.9555,3.0,8.0
mushrooms,StalkColorBelowRing,4021,0.2544,0.5284,176.0,0.003,0.6513,1.3822,1.3405,4.6421,0.5876,0.579,0.9335,3.0,8.0
mushrooms,StalkColorBelowRing,4021,0.2064,0.5208,151.0909,0.0028,0.6574,1.3973,1.3359,4.6402,0.5974,0.6196,0.965,3.0,8.0
mushrooms,StalkColorBelowRing,4021,0.1445,0.5326,140.9231,0.0026,0.6483,1.3803,1.3318,4.6471,0.591,0.5957,0.9501,3.0,8.0
mushrooms,StalkColorBelowRing,4021,0.0975,0.5233,146.0769,0.0025,0.656,1.3962,1.3397,4.6415,0.5982,0.6208,0.9648,3.0,8.0
mushrooms,StalkColorBelowRing,4021,0.0428,0.5305,136.1333,0.0023,0.6508,1.3872,1.3372,4.6461,0.5962,0.6147,0.967,3.0,8.0
mushrooms,Population,4021,0.5073,0.4902,11.6988,0.003,0.685,1.4056,0.6785,7.7027,0.7711,0.6377,0.2479,7.0,9.0
mushrooms,Population,4021,0.4526,0.5084,12.7159,0.0027,0.6711,1.3745,2.2346,7.6801,0.7711,0.6498,0.2563,7.0,9.0
mushrooms,Population,4021,0.4009,0.501,11.9505,0.0025,0.6773,1.3905,2.0214,7.6887,0.7706,0.6451,0.2533,7.0,9.0
mushrooms,Population,4021,0.3643,0.4937,12.3725,0.0023,0.6809,1.3915,2.4669,7.7077,0.7809,0.6368,0.2405,7.0,9.0
mushrooms,Population,4021,0.3029,0.5037,11.7667,0.0021,0.6749,1.3838,2.4588,7.6914,0.777,0.6448,0.2486,7.0,9.0
mushrooms,Population,4021,0.2544,0.4993,12.6864,0.002,0.6766,1.3823,0.5492,7.6991,0.7793,0.6411,0.2444,7.0,9.0
mushrooms,Population,4021,0.2064,0.5058,13.2295,0.0019,0.6703,1.3667,2.1423,7.6841,0.772,0.6478,0.2542,7.0,9.0
mushrooms,Population,4021,0.1445,0.4994,12.6324,0.0017,0.6772,1.3866,2.0755,7.693,0.7731,0.6432,0.2502,7.0,9.0
mushrooms,Population,4021,0.0975,0.5021,12.3108,0.0017,0.6748,1.3812,0.731,7.6878,0.771,0.6457,0.2534,7.0,9.0
mushrooms,Population,4021,0.0428,0.4996,12.0943,0.0016,0.6773,1.3877,2.8874,7.6937,0.774,0.6431,0.2494,7.0,9.0
mushrooms,CapSurface,4021,0.5073,0.4028,266.0,0.002,0.6602,1.0969,7.0211,5.8819,0.8207,0.555,0.1851,5.0,7.0
mushrooms,CapSurface,4021,0.4526,0.4016,442.0,0.0018,0.6593,1.0926,7.0987,5.8737,0.813,0.5584,0.19,5.0,7.0
mushrooms,CapSurface,4021,0.4009,0.3968,478.0,0.0017,0.6612,1.0952,6.7828,5.8962,0.8241,0.5484,0.1822,5.0,7.0
mushrooms,CapSurface,4021,0.3643,0.4069,520.0,0.0016,0.6585,1.091,6.7685,5.8705,0.817,0.5602,0.1881,5.0,7.0
mushrooms,CapSurface,4021,0.3029,0.4106,575.5,0.0014,0.6576,1.0894,6.7543,5.8655,0.8177,0.5626,0.1883,5.0,7.0
mushrooms,CapSurface,4021,0.2544,0.3936,1180.0,0.0013,0.661,1.0921,7.107,5.8913,0.8165,0.5504,0.1866,5.0,7.0
mushrooms,CapSurface,4021,0.2064,0.4043,430.0,0.0013,0.6595,1.0934,6.7712,5.8809,0.8217,0.5556,0.1847,5.0,7.0
mushrooms,CapSurface,4021,0.1445,0.4029,462.0,0.0012,0.6593,1.0926,7.0716,5.8759,0.8163,0.5576,0.188,5.0,7.0
mushrooms,CapSurface,4021,0.0975,0.4042,733.5,0.0011,0.6591,1.0907,7.0549,5.8774,0.819,0.5571,0.1864,5.0,7.0
mushrooms,CapSurface,4021,0.0428,0.4027,516.6667,0.001,0.6597,1.0928,7.9189,5.882,0.8207,0.555,0.1851,5.0,7.0
mushrooms,StalkSurfaceAboveRing,4021,0.5073,0.6391,158.25,0.002,0.5015,0.8426,7.7629,5.7653,0.553,0.4905,0.4209,5.0,7.0
mushrooms,StalkSurfaceAboveRing,4021,0.4526,0.6406,235.0,0.0018,0.4978,0.8292,7.8226,5.7587,0.5488,0.486,0.4175,5.0,7.0
mushrooms,StalkSurfaceAboveRing,4021,0.4009,0.631,190.0,0.0017,0.5059,0.8436,7.5619,5.7547,0.5557,0.4953,0.4081,5.0,7.0
mushrooms,StalkSurfaceAboveRing,4021,0.3643,0.6311,322.6,0.0016,0.505,0.837,8.0186,5.7547,0.5557,0.4952,0.4082,5.0,7.0
mushrooms,StalkSurfaceAboveRing,4021,0.3029,0.6308,176.8,0.0014,0.5051,0.8412,7.9922,5.7499,0.5538,0.4936,0.4047,5.0,7.0
mushrooms,StalkSurfaceAboveRing,4021,0.2544,0.6341,211.2222,0.0013,0.5037,0.8401,7.7977,5.7582,0.5545,0.4932,0.4125,5.0,7.0
mushrooms,StalkSurfaceAboveRing,4021,0.2064,0.6346,202.5,0.0013,0.5013,0.8333,7.5943,5.7499,0.5503,0.4892,0.4069,5.0,7.0
mushrooms,StalkSurfaceAboveRing,4021,0.1445,0.634,181.75,0.0012,0.5041,0.8427,7.7843,5.7584,0.5546,0.4934,0.4126,5.0,7.0
mushrooms,StalkSurfaceAboveRing,4021,0.0975,0.6305,176.0,0.0011,0.5072,0.848,8.0717,5.7578,0.5575,0.4969,0.4097,5.0,7.0
mushrooms,StalkSurfaceAboveRing,4021,0.0428,0.6345,203.5,0.001,0.5037,0.8409,8.0849,5.7592,0.5546,0.4932,0.4134,5.0,7.0
mushrooms,CapShape,4021,0.5073,0.4442,440.0,0.003,0.6419,1.1577,3.2565,5.2357,1.1357,0.5002,0.1649,4.0,7.0
mushrooms,CapShape,4021,0.4526,0.4548,1001.0,0.0027,0.6416,1.1707,3.2555,5.2503,1.1257,0.49,0.1661,4.0,7.0
mushrooms,CapShape,4021,0.4009,0.4379,351.6667,0.0025,0.6366,1.1522,3.2496,5.2109,1.1327,0.5077,0.1638,4.0,7.0
mushrooms,CapShape,4021,0.3643,0.4374,372.6667,0.0023,0.6383,1.1586,3.0194,5.1984,1.1298,0.5108,0.1633,4.0,7.0
mushrooms,CapShape,4021,0.3029,0.4467,417.3333,0.0021,0.6398,1.1608,3.2501,5.2408,1.1324,0.4967,0.1653,4.0,7.0
mushrooms,CapShape,4021,0.2544,0.4443,166.5,0.0017,0.6369,1.1459,4.4692,5.2191,1.1301,0.5034,0.1642,4.0,7.0
mushrooms,CapShape,4021,0.2064,0.4434,471.6667,0.0019,0.6393,1.1585,3.2539,5.2294,1.1327,0.501,0.1647,4.0,7.0
mushrooms,CapShape,4021,0.1445,0.4436,381.5,0.0017,0.6382,1.1569,3.25,5.223,1.131,0.5024,0.1643,4.0,7.0
mushrooms,CapShape,4021,0.0975,0.4431,536.0,0.0017,0.6395,1.1594,3.2547,5.2249,1.1318,0.5021,0.1644,4.0,7.0
mushrooms,CapShape,4021,0.0428,0.4427,568.0,0.0016,0.6386,1.1555,3.2607,5.2214,1.1317,0.5034,0.1643,4.0,7.0
mv,x8,40768,0.5024,0.752,3.0326,0.0001,0.373,0.5601,34.4508,5.752,0.4318,0.2374,0.3458,5.0,6.0
mv,x8,40768,0.45,0.7507,3.0109,0.0001,0.3743,0.5616,28.1675,5.7507,0.4326,0.2389,0.3414,5.0,6.0
mv,x8,40768,0.3939,0.752,3.0317,0.0001,0.373,0.5602,28.2477,5.752,0.4319,0.2374,0.3456,5.0,6.0
mv,x8,40768,0.3487,0.7527,3.0443,0.0001,0.3723,0.5593,34.4778,5.7527,0.4314,0.2366,0.3481,5.0,6.0
mv,x8,40768,0.295,0.7564,3.1057,0.0001,0.3685,0.5552,34.6164,5.7564,0.4292,0.2324,0.3607,5.0,6.0
mv,x8,40768,0.2542,0.7525,3.0401,0.0001,0.3725,0.5596,34.4681,5.7525,0.4316,0.2368,0.3473,5.0,6.0
mv,x8,40768,0.2034,0.7536,3.0586,0.0001,0.3714,0.5583,34.5104,5.7536,0.4309,0.2356,0.351,5.0,6.0
mv,x8,40768,0.1526,0.7519,3.031,0.0001,0.3731,0.5602,28.2453,5.7519,0.4319,0.2375,0.3455,5.0,6.0
mv,x8,40768,0.1031,0.7532,3.0516,0.0001,0.3718,0.5588,34.4945,5.7532,0.4312,0.2361,0.3496,5.0,6.0
mv,x8,40768,0.0503,0.7526,3.0423,0.0001,0.3724,0.5594,34.4731,5.7526,0.4315,0.2367,0.3477,5.0,6.0
mv,x3,40768,0.5024,0.6013,5.0622,0.0001,0.546,0.9153,11.3841,4.4403,0.8979,0.2728,0.2615,3.0,5.0
mv,x3,40768,0.45,0.6035,5.0044,0.0001,0.5451,0.9151,9.2978,4.4483,0.8939,0.2684,0.2701,3.0,5.0
mv,x3,40768,0.3939,0.6015,5.0585,0.0001,0.5459,0.9153,9.3099,4.4407,0.8976,0.2725,0.262,3.0,5.0
mv,x3,40768,0.3487,0.5996,4.941,0.0001,0.5479,0.9188,13.9962,4.4419,0.8971,0.2719,0.2632,3.0,5.0
mv,x3,40768,0.295,0.6026,5.0626,0.0001,0.5452,0.9145,11.3831,4.4433,0.8964,0.2711,0.2647,3.0,5.0
mv,x3,40768,0.2542,0.6031,5.0697,0.0001,0.5449,0.9141,11.3876,4.4441,0.896,0.2707,0.2655,3.0,5.0
mv,x3,40768,0.2034,0.6027,5.0618,0.0001,0.5452,0.9145,14.0285,4.4435,0.8963,0.271,0.265,3.0,5.0
mv,x3,40768,0.1526,0.6014,4.9964,0.0001,0.5464,0.9166,5.7674,4.4435,0.8963,0.271,0.2649,3.0,5.0
mv,x3,40768,0.1031,0.6022,5.0763,0.0001,0.5453,0.9145,11.393,4.4417,0.8972,0.272,0.263,3.0,5.0
mv,x3,40768,0.0503,0.6013,5.0379,0.0001,0.5462,0.9158,11.3671,4.4413,0.8974,0.2722,0.2626,3.0,5.0
nursery,'health',12960,0.5075,0.3354,1.0142,0.0005,0.6668,1.0986,11.1446,9.337,1.2498,0.5927,0.181,8.0,11.0
nursery,'health',12960,0.4557,0.3368,1.0286,0.0004,0.6667,1.0985,0.5508,9.3439,1.2458,0.5916,0.1815,8.0,11.0
nursery,'health',12960,0.3968,0.3365,1.0158,0.0004,0.6667,1.0986,11.1354,9.3418,1.2492,0.5914,0.1806,8.0,11.0
nursery,'health',12960,0.3476,0.3372,1.023,0.0004,0.6667,1.0986,3.8464,9.3367,1.2446,0.5939,0.1829,8.0,11.0
nursery,'health',12960,0.3035,0.3339,1.0037,0.0003,0.6667,1.0986,11.1199,9.3342,1.2469,0.5941,0.1824,8.0,11.0
nursery,'health',12960,0.2515,0.336,1.0223,0.0003,0.6667,1.0986,11.1525,9.3434,1.247,0.5914,0.1811,8.0,11.0
nursery,'health',12960,0.199,0.3361,1.0134,0.0003,0.6667,1.0986,0.5019,9.3311,1.2447,0.5955,0.1836,8.0,11.0
nursery,'health',12960,0.1471,0.3368,1.0186,0.0003,0.6667,1.0986,11.1346,9.343,1.2491,0.5911,0.1804,8.0,11.0
nursery,'health',12960,0.1009,0.334,1.0057,0.0003,0.6667,1.0986,11.1221,9.3359,1.2471,0.5936,0.1821,8.0,11.0
nursery,'health',12960,0.0514,0.3341,1.0037,0.0002,0.6667,1.0986,11.1181,9.3354,1.2478,0.5936,0.1819,8.0,11.0
nursery,'parents',12960,0.5075,0.334,1.0047,0.0005,0.6668,1.0986,1.2522,8.6624,2.6256,0.348,0.1818,5.0,11.0
nursery,'parents',12960,0.4557,0.3438,1.0511,0.0004,0.6666,1.0984,0.6894,8.7085,2.6177,0.3408,0.1883,5.0,11.0
nursery,'parents',12960,0.3968,0.3387,1.0272,0.0004,0.6667,1.0985,1.3407,8.6362,2.6339,0.3528,0.1777,5.0,11.0
nursery,'parents',12960,0.3476,0.3372,1.0197,0.0004,0.6667,1.0986,1.3942,8.6701,2.6201,0.3461,0.1836,5.0,11.0
nursery,'parents',12960,0.3035,0.3354,1.0127,0.0003,0.6667,1.0986,1.3073,8.6772,2.62,0.3452,0.1844,5.0,11.0
nursery,'parents',12960,0.2515,0.3363,1.0165,0.0003,0.6667,1.0986,1.279,8.6495,2.6293,0.3503,0.1798,5.0,11.0
nursery,'parents',12960,0.199,0.3354,1.0099,0.0003,0.6667,1.0986,0.4776,8.6732,2.6241,0.3464,0.1832,5.0,11.0
nursery,'parents',12960,0.1471,0.3346,1.0057,0.0003,0.6667,1.0986,1.2646,8.6599,2.627,0.3486,0.1813,5.0,11.0
nursery,'parents',12960,0.1009,0.3351,1.0096,0.0003,0.6667,1.0986,1.3104,8.6674,2.6228,0.3469,0.1828,5.0,11.0
nursery,'parents',12960,0.0514,0.3339,1.0027,0.0002,0.6667,1.0986,1.2575,8.6676,2.6239,0.3471,0.1827,5.0,11.0
nursery,'children',12960,0.5075,0.2536,1.024,0.0006,0.7501,1.3863,0.1505,1.7468,1.2972,0.7616,0.3426,1.0,4.0
nursery,'children',12960,0.4557,0.2559,1.044,0.0006,0.75,1.3862,0.1048,1.7562,1.3026,0.7581,0.3328,1.0,4.0
nursery,'children',12960,0.3968,0.2521,1.017,0.0005,0.7501,1.3863,0.1222,1.751,1.2996,0.76,0.3382,1.0,4.0
nursery,'children',12960,0.3476,0.2558,1.0444,0.0005,0.75,1.3862,0.2764,1.7675,1.309,0.7538,0.3214,1.0,4.0
nursery,'children',12960,0.3035,0.2525,1.016,0.0004,0.7501,1.3863,0.1188,1.7511,1.2997,0.76,0.3381,1.0,4.0
nursery,'children',12960,0.2515,0.2526,1.026,0.0004,0.7501,1.3862,0.1715,1.7567,1.3029,0.7579,0.3322,1.0,4.0
nursery,'children',12960,0.199,0.2526,1.0266,0.0004,0.75,1.3862,0.115,1.7577,1.3035,0.7575,0.3312,1.0,4.0
nursery,'children',12960,0.1471,0.2508,1.0076,0.0004,0.7501,1.3863,0.1073,1.7494,1.2987,0.7606,0.3399,1.0,4.0
nursery,'children',12960,0.1009,0.2514,1.0184,0.0003,0.7501,1.3863,0.1531,1.7541,1.3014,0.7588,0.3349,1.0,4.0
nursery,'children',12960,0.0514,0.2509,1.0092,0.0003,0.7501,1.3863,0.1062,1.7496,1.2988,0.7605,0.3396,1.0,4.0
nursery,'housing',12960,0.5075,0.3367,1.0156,0.0005,0.6668,1.0986,1.3244,8.9997,0.8144,0.5001,0.1836,8.0,10.0
nursery,'housing',12960,0.4557,0.3397,1.0377,0.0004,0.6667,1.0985,0.6387,9.0123,0.8166,0.4943,0.1824,8.0,10.0
nursery,'housing',12960,0.3968,0.3373,1.0189,0.0004,0.6667,1.0986,1.3574,9.0006,0.8141,0.4997,0.1838,8.0,10.0
nursery,'housing',12960,0.3476,0.3363,1.0194,0.0004,0.6667,1.0986,1.3599,9.0064,0.8161,0.4971,0.1826,8.0,10.0
nursery,'housing',12960,0.3035,0.3373,1.0259,0.0003,0.6667,1.0986,1.431,9.0051,0.814,0.4977,0.1838,8.0,10.0
nursery,'housing',12960,0.2515,0.3363,1.0162,0.0003,0.6667,1.0986,1.3248,9.0054,0.8168,0.4975,0.1823,8.0,10.0
nursery,'housing',12960,0.199,0.3371,1.0303,0.0003,0.6667,1.0985,0.5766,9.0013,0.8203,0.4994,0.1804,8.0,10.0
nursery,'housing',12960,0.1471,0.3348,1.0093,0.0003,0.6667,1.0986,1.2943,9.0031,0.8163,0.4986,0.1825,8.0,10.0
nursery,'housing',12960,0.1009,0.3351,1.0151,0.0003,0.6667,1.0986,1.3043,8.9955,0.8154,0.5021,0.183,8.0,10.0
nursery,'housing',12960,0.0514,0.3348,1.0078,0.0002,0.6667,1.0986,3.7206,9.0018,0.8172,0.4992,0.182,8.0,10.0
nursery,'form',12960,0.5075,0.2538,1.0332,0.0006,0.7501,1.3862,0.1474,8.2438,1.4764,0.3933,0.2399,6.0,10.0
nursery,'form',12960,0.4557,0.2533,1.0347,0.0006,0.7501,1.3862,0.1211,8.2397,1.4845,0.3965,0.236,6.0,10.0
nursery,'form',12960,0.3968,0.252,1.0239,0.0005,0.7501,1.3863,0.1402,8.2481,1.482,0.3944,0.2382,6.0,10.0
nursery,'form',12960,0.3476,0.2555,1.0355,0.0005,0.75,1.3862,0.1463,8.2567,1.4768,0.3904,0.2416,6.0,10.0
nursery,'form',12960,0.3035,0.2517,1.0156,0.0004,0.7501,1.3863,0.1538,8.2424,1.4797,0.3946,0.2384,6.0,10.0
nursery,'form',12960,0.2515,0.2537,1.0267,0.0004,0.7501,1.3862,0.1277,8.2422,1.4765,0.3947,0.2397,6.0,10.0
nursery,'form',12960,0.199,0.2555,1.0359,0.0004,0.75,1.3862,0.0525,8.2507,1.478,0.3916,0.2402,6.0,10.0
nursery,'form',12960,0.1471,0.2521,1.0116,0.0004,0.7501,1.3863,0.1287,8.2549,1.48,0.3922,0.24,6.0,10.0
nursery,'form',12960,0.1009,0.2509,1.0093,0.0003,0.7501,1.3863,0.1146,8.2485,1.4772,0.3931,0.2402,6.0,10.0
nursery,'form',12960,0.0514,0.2505,1.0033,0.0003,0.7501,1.3863,0.1083,8.2515,1.4791,0.3927,0.2399,6.0,10.0
soybean,leaf-mild,249,0.4859,0.9375,60.0,0.0234,0.1196,0.2689,15.7536,6.25,0.9682,0.9738,1.0,6.0,10.0
soybean,leaf-mild,249,0.4739,0.9313,40.6667,0.0229,0.1311,0.294,15.0064,6.2748,1.0118,0.968,0.9999,6.0,10.0
soybean,leaf-mild,249,0.4337,0.9078,21.3333,0.0213,0.1728,0.3712,15.3839,6.3688,1.1572,0.9437,0.9974,6.0,10.0
soybean,leaf-mild,249,0.3655,0.9304,29.4,0.019,0.1328,0.3006,15.3097,6.2785,1.018,0.9671,0.9999,6.0,10.0
soybean,leaf-mild,249,0.3373,0.9394,38.75,0.0182,0.1163,0.2694,15.3161,6.2424,0.9544,0.9755,1.0,6.0,10.0
soybean,leaf-mild,249,0.1888,0.9307,31.3333,0.0149,0.132,0.2992,15.3567,6.2772,1.0159,0.9674,0.9999,6.0,10.0
soybean,leaf-mild,249,0.2249,0.9171,22.125,0.0155,0.1563,0.3433,14.9278,6.3316,1.1029,0.9537,0.9992,6.0,10.0
soybean,leaf-mild,249,0.1606,0.9139,21.2222,0.0144,0.1619,0.3532,14.8522,6.3445,1.1222,0.9503,0.9988,6.0,10.0
soybean,leaf-mild,249,0.0964,0.9156,22.8889,0.0133,0.1589,0.3479,15.5556,6.3378,1.1122,0.9521,0.999,6.0,10.0
soybean,leaf-mild,249,0.0562,0.9149,21.5,0.0128,0.16,0.3501,14.8761,6.3404,1.1162,0.9514,0.9989,6.0,10.0
soybean,fruit-spots,249,0.4859,0.6172,11.2857,0.0312,0.5518,1.0025,6.189,6.2422,3.6737,0.916,0.9953,3.0,18.0
soybean,fruit-spots,249,0.4739,0.6183,11.5714,0.0305,0.5523,1.0061,6.6255,5.9924,3.1586,0.9388,0.9998,3.0,18.0
soybean,fruit-spots,249,0.4337,0.6596,15.5,0.0284,0.5124,0.9409,6.9372,6.3191,3.6268,0.9197,0.9961,3.0,18.0
soybean,fruit-spots,249,0.3655,0.6266,9.0,0.0253,0.5483,1.0112,6.2855,6.2278,3.4785,0.9253,0.9982,3.0,18.0
soybean,fruit-spots,249,0.3373,0.6848,12.5556,0.0242,0.4889,0.9166,6.5875,6.2727,3.3654,0.9336,0.9991,3.0,18.0
soybean,fruit-spots,249,0.1888,0.6436,14.4444,0.0198,0.5275,0.9675,6.8874,5.9356,2.9232,0.9481,1.0,3.0,18.0
soybean,fruit-spots,249,0.2249,0.6321,10.1667,0.0207,0.5413,0.9983,6.1778,6.3109,3.6344,0.9178,0.9958,3.0,18.0
soybean,fruit-spots,249,0.1606,0.5981,7.8125,0.0191,0.576,1.0622,5.7044,6.4641,3.881,0.902,0.9859,3.0,18.0
soybean,fruit-spots,249,0.0964,0.6356,7.9444,0.0178,0.5439,1.0167,5.9571,6.4267,3.6411,0.9167,0.9952,3.0,18.0
soybean,fruit-spots,249,0.0562,0.6383,10.0,0.017,0.5347,0.9881,6.4714,6.1617,3.3567,0.9317,0.9991,3.0,18.0
soybean,sclerotia,249,0.4859,0.9453,17.2857,0.0156,0.1042,0.2121,40.332,6.0547,0.2274,0.9805,1.0,6.0,7.0
soybean,sclerotia,249,0.4739,0.9695,31.75,0.0153,0.0597,0.1366,41.8416,6.0305,0.1721,0.9958,1.0,6.0,7.0
soybean,sclerotia,249,0.4337,0.9645,27.2,0.0142,0.0689,0.1532,41.0904,6.0355,0.1849,0.9935,1.0,6.0,7.0
soybean,sclerotia,249,0.3655,0.962,25.3333,0.0127,0.0735,0.1615,41.3766,6.038,0.1911,0.9921,1.0,6.0,7.0
soybean,sclerotia,249,0.3373,0.9697,32.0,0.0121,0.0591,0.1358,41.8561,6.0303,0.1714,0.9958,1.0,6.0,7.0
soybean,sclerotia,249,0.1888,0.9554,21.4444,0.0099,0.0856,0.1822,40.9653,6.0446,0.2063,0.988,1.0,6.0,7.0
soybean,sclerotia,249,0.2249,0.9585,23.125,0.0104,0.0799,0.1725,41.1593,6.0415,0.1993,0.9901,1.0,6.0,7.0
soybean,sclerotia,249,0.1606,0.9522,19.9,0.0096,0.0916,0.1921,40.7596,6.0478,0.2134,0.9858,1.0,6.0,7.0
soybean,sclerotia,249,0.0964,0.9556,21.5,0.0089,0.0853,0.1818,40.4167,6.0444,0.2061,0.9881,1.0,6.0,7.0
soybean,sclerotia,249,0.0562,0.9574,22.5,0.0085,0.0818,0.176,41.0904,6.0426,0.2018,0.9894,1.0,6.0,7.0
soybean,leafspots-marg,249,0.4859,0.5391,9.8571,0.0234,0.5456,0.858,12.8987,6.1328,2.6762,0.4651,0.1808,3.0,11.0
soybean,leafspots-marg,249,0.4739,0.6183,27.0,0.0229,0.4922,0.7515,14.7803,6.2748,2.4898,0.3884,0.1844,3.0,11.0
soybean,leafspots-marg,249,0.4337,0.539,10.8571,0.0213,0.5416,0.8476,12.442,6.0922,2.6629,0.4663,0.1769,3.0,11.0
soybean,leafspots-marg,249,0.3655,0.5696,12.8571,0.019,0.5279,0.8261,13.5594,6.2025,2.6115,0.4374,0.1833,3.0,11.0
soybean,leafspots-marg,249,0.3373,0.5697,11.75,0.0182,0.5305,0.8349,13.4156,6.2364,2.6213,0.4368,0.1873,3.0,11.0
soybean,leafspots-marg,249,0.1888,0.5941,20.0,0.0149,0.5072,0.7816,14.3055,6.2079,2.542,0.4136,0.1789,3.0,11.0
soybean,leafspots-marg,249,0.2249,0.5751,15.8571,0.0155,0.5196,0.8057,13.8916,6.1658,2.584,0.4326,0.1774,3.0,11.0
soybean,leafspots-marg,249,0.1606,0.5646,19.6667,0.0144,0.5175,0.7906,14.0489,6.0526,2.5756,0.4428,0.1649,3.0,11.0
soybean,leafspots-marg,249,0.0964,0.5733,14.3333,0.0133,0.5225,0.8151,13.0535,6.1867,2.5959,0.4342,0.1806,3.0,11.0
soybean,leafspots-marg,249,0.0562,0.5745,15.0,0.0128,0.5208,0.8108,13.8149,6.1787,2.5901,0.4331,0.1793,3.0,11.0
soybean,mold-growth,249,0.4859,0.9141,10.6364,0.0156,0.1583,0.293,38.3789,6.0859,0.2803,0.9505,0.9988,6.0,7.0
soybean,mold-growth,249,0.4739,0.9237,12.1,0.0153,0.1421,0.2697,38.979,6.0763,0.2655,0.9605,0.9997,6.0,7.0
soybean,mold-growth,249,0.4337,0.9007,9.0714,0.0142,0.1801,0.3235,36.3032,6.0993,0.2991,0.9358,0.9944,6.0,7.0
soybean,mold-growth,249,0.3655,0.8987,8.875,0.0127,0.1832,0.3279,37.4209,6.1013,0.3017,0.9336,0.9932,6.0,7.0
soybean,mold-growth,249,0.3373,0.9091,10.0,0.0121,0.1663,0.3046,38.0682,6.0909,0.2875,0.9451,0.9978,6.0,7.0
soybean,mold-growth,249,0.1888,0.9208,11.625,0.0099,0.1466,0.2768,38.7995,6.0792,0.2701,0.9576,0.9996,6.0,7.0
soybean,mold-growth,249,0.2249,0.9016,9.1579,0.0104,0.1784,0.3217,37.5972,6.0984,0.2979,0.9368,0.9949,6.0,7.0
soybean,mold-growth,249,0.1606,0.8995,8.9524,0.0096,0.1816,0.3261,37.4701,6.1005,0.3006,0.9345,0.9937,6.0,7.0
soybean,mold-growth,249,0.0964,0.8978,8.7826,0.0089,0.1844,0.3299,36.0833,6.1022,0.3029,0.9325,0.9926,6.0,7.0
soybean,mold-growth,249,0.0562,0.9064,9.6818,0.0085,0.1704,0.3108,37.8989,6.0936,0.2913,0.9421,0.9969,6.0,7.0
soybean,leaves,249,0.4859,0.8828,7.5333,0.0156,0.2085,0.3613,36.4258,5.7656,0.6433,0.0847,0.9751,4.0,6.0
soybean,leaves,249,0.4739,0.8779,7.1875,0.0153,0.2161,0.3712,36.1164,5.7557,0.6549,0.0905,0.9653,4.0,6.0
soybean,leaves,249,0.4337,0.8865,7.8125,0.0142,0.2026,0.3537,35.2394,5.773,0.6343,0.0804,0.9809,4.0,6.0
soybean,leaves,249,0.3655,0.8987,8.875,0.0127,0.1832,0.3279,37.4209,5.7975,0.6034,0.0664,0.9932,4.0,6.0
soybean,leaves,249,0.3373,0.8909,8.1667,0.0121,0.1956,0.3446,36.9318,5.7818,0.6235,0.0753,0.9865,4.0,6.0
soybean,leaves,249,0.1888,0.8911,8.1818,0.0099,0.1951,0.3442,36.9431,5.7822,0.6231,0.0751,0.9867,4.0,6.0
soybean,leaves,249,0.2249,0.8964,8.65,0.0104,0.1867,0.333,37.2733,5.7927,0.6096,0.0691,0.9916,4.0,6.0
soybean,leaves,249,0.1606,0.8804,7.36,0.0096,0.2116,0.3662,36.2739,5.7608,0.649,0.0875,0.9706,4.0,6.0
soybean,leaves,249,0.0964,0.8978,8.7826,0.0089,0.1844,0.3299,36.0833,5.7956,0.6059,0.0675,0.9926,4.0,6.0
soybean,leaves,249,0.0562,0.8936,8.4,0.0085,0.1909,0.3389,37.1011,5.7872,0.6167,0.0722,0.9892,4.0,6.0
soybean,seed-discolor,249,0.4859,0.8828,7.5333,0.0156,0.2085,0.3613,36.4258,6.1172,0.3216,0.9153,0.9751,6.0,7.0
soybean,seed-discolor,249,0.4739,0.9389,15.375,0.0153,0.1156,0.2299,39.9332,6.0611,0.2395,0.9751,1.0,6.0,7.0
soybean,seed-discolor,249,0.4337,0.9078,9.8462,0.0142,0.1686,0.3076,36.8351,6.0922,0.2893,0.9437,0.9974,6.0,7.0
soybean,seed-discolor,249,0.3655,0.8861,7.7778,0.0127,0.2032,0.3546,36.6297,6.1139,0.3177,0.9191,0.9803,6.0,7.0
soybean,seed-discolor,249,0.3373,0.9212,11.6923,0.0121,0.146,0.2758,38.8258,6.0788,0.2694,0.958,0.9996,6.0,7.0
soybean,seed-discolor,249,0.1888,0.9059,9.6316,0.0099,0.1713,0.3118,37.8713,6.0941,0.2919,0.9417,0.9968,6.0,7.0
soybean,seed-discolor,249,0.2249,0.9119,10.3529,0.0104,0.1615,0.2981,38.2448,6.0881,0.2834,0.9482,0.9984,6.0,7.0
soybean,seed-discolor,249,0.1606,0.9139,10.6111,0.0096,0.1582,0.2935,38.3672,6.0861,0.2805,0.9503,0.9988,6.0,7.0
soybean,seed-discolor,249,0.0964,0.9111,10.25,0.0089,0.1627,0.3,37.0833,6.0889,0.2846,0.9473,0.9983,6.0,7.0
soybean,seed-discolor,249,0.0562,0.9149,10.75,0.0085,0.1564,0.2911,38.4309,6.0851,0.279,0.9514,0.9989,6.0,7.0
soybean,precip,249,0.4859,0.7031,5.0,0.0234,0.4651,0.8136,9.7351,6.5312,1.0893,0.1309,0.8299,4.0,7.0
soybean,precip,249,0.4739,0.7023,5.4118,0.0229,0.4653,0.8128,9.465,6.4962,1.1214,0.1447,0.7607,4.0,7.0
soybean,precip,249,0.4337,0.6525,3.8333,0.0213,0.5175,0.8867,8.7646,6.4894,1.1275,0.1474,0.7465,4.0,7.0
soybean,precip,249,0.3655,0.6582,3.8519,0.019,0.5116,0.8791,8.8556,6.4873,1.1292,0.1482,0.7423,4.0,7.0
soybean,precip,249,0.3373,0.6727,4.44,0.0182,0.4966,0.8582,8.9263,6.4727,1.1418,0.154,0.7115,4.0,7.0
soybean,precip,249,0.1888,0.6782,4.4194,0.0149,0.4906,0.8509,9.1594,6.495,1.1224,0.1452,0.7583,4.0,7.0
soybean,precip,249,0.2249,0.6839,4.4,0.0155,0.4848,0.8429,9.5162,6.5337,1.087,0.1299,0.8344,4.0,7.0
soybean,precip,249,0.1606,0.6986,4.8667,0.0144,0.4687,0.8207,9.9612,6.5694,1.0519,0.1158,0.8942,4.0,7.0
soybean,precip,249,0.0964,0.6889,4.5588,0.0133,0.4791,0.8355,9.5309,6.52,1.0998,0.1353,0.8085,4.0,7.0
soybean,precip,249,0.0562,0.6809,4.3243,0.0128,0.4876,0.8474,9.4335,6.5277,1.0927,0.1323,0.8232,4.0,7.0
soybean,leafspot-size,249,0.4859,0.4844,4.4286,0.0234,0.593,0.9591,10.4681,4.7812,1.4734,0.4057,0.1354,3.0,6.0
soybean,leafspot-size,249,0.4739,0.5344,5.0,0.0229,0.5787,0.9416,11.0483,4.9237,1.4389,0.3569,0.1607,3.0,6.0
soybean,leafspot-size,249,0.4337,0.4823,4.5333,0.0213,0.5911,0.9555,9.9203,4.766,1.4762,0.4109,0.1335,3.0,6.0
soybean,leafspot-size,249,0.3655,0.4937,4.1053,0.019,0.5965,0.9706,10.1839,4.8418,1.4605,0.3851,0.1442,3.0,6.0
soybean,leafspot-size,249,0.3373,0.5212,5.0588,0.0182,0.58,0.9416,11.0513,4.8727,1.453,0.3745,0.1497,3.0,6.0
soybean,leafspot-size,249,0.1888,0.5396,6.0556,0.0149,0.5658,0.9162,11.7141,4.8861,1.4494,0.3699,0.1524,3.0,6.0
soybean,leafspot-size,249,0.2249,0.5078,4.6667,0.0155,0.5864,0.953,10.7188,4.8497,1.4587,0.3824,0.1455,3.0,6.0
soybean,leafspot-size,249,0.1606,0.512,5.9444,0.0144,0.5717,0.9203,11.5443,4.7943,1.4709,0.4013,0.1371,3.0,6.0
soybean,leafspot-size,249,0.0964,0.5156,5.0435,0.0133,0.5802,0.9423,10.321,4.8533,1.4578,0.3811,0.1462,3.0,6.0
soybean,leafspot-size,249,0.0562,0.5106,4.8,0.0128,0.5837,0.9491,10.8309,4.8511,1.4583,0.3819,0.1458,3.0,6.0
soybean,external-decay,249,0.4859,0.7578,3.129,0.0156,0.37,0.5536,28.6133,7.4531,2.5704,0.7692,0.3655,6.0,12.0
soybean,external-decay,249,0.4739,0.7557,3.0938,0.0153,0.372,0.556,28.4828,7.4656,2.5779,0.7668,0.3582,6.0,12.0
soybean,external-decay,249,0.4337,0.8156,4.4231,0.0142,0.3029,0.478,29.9202,7.1064,2.3268,0.8358,0.6568,6.0,12.0
soybean,external-decay,249,0.3655,0.7848,3.6471,0.0127,0.3399,0.5208,30.3006,7.2911,2.4657,0.8,0.4803,6.0,12.0
soybean,external-decay,249,0.3373,0.7758,3.4595,0.0121,0.35,0.5322,29.7348,7.3455,2.5025,0.7896,0.4375,6.0,12.0
soybean,external-decay,249,0.1888,0.7772,3.4889,0.0099,0.348,0.5304,29.8267,7.3366,2.4966,0.7913,0.4441,6.0,12.0
soybean,external-decay,249,0.2249,0.7927,3.825,0.0104,0.3303,0.5103,30.7966,7.2435,2.432,0.8091,0.5216,6.0,12.0
soybean,external-decay,249,0.1606,0.7799,3.5435,0.0096,0.345,0.527,29.994,7.3206,2.4859,0.7943,0.4565,6.0,12.0
soybean,external-decay,249,0.0964,0.7867,3.6875,0.0089,0.3371,0.5183,27.75,7.28,2.458,0.8021,0.4897,6.0,12.0
soybean,external-decay,249,0.0562,0.7957,3.8958,0.0085,0.3265,0.5062,30.984,7.2255,2.4189,0.8126,0.5381,6.0,12.0
soybean,leafspots-halo,249,0.4859,0.5156,6.6,0.0234,0.5674,0.9067,11.857,11.1094,4.298,0.4257,0.1368,6.0,15.0
soybean,leafspots-halo,249,0.4739,0.5649,7.4,0.0229,0.5506,0.8868,12.4054,11.542,4.2178,0.377,0.1577,6.0,15.0
soybean,leafspots-halo,249,0.4337,0.5035,5.9167,0.0213,0.5741,0.9206,10.8659,11.0426,4.2923,0.4326,0.1356,6.0,15.0
soybean,leafspots-halo,249,0.3655,0.5127,5.0625,0.019,0.5816,0.9419,11.0278,11.2215,4.2316,0.411,0.1444,6.0,15.0
soybean,leafspots-halo,249,0.3373,0.5394,6.8462,0.0182,0.5605,0.9008,12.0688,11.3273,4.26,0.4011,0.1458,6.0,15.0
soybean,leafspots-halo,249,0.1888,0.5594,8.6923,0.0149,0.5441,0.8693,12.7654,11.4208,4.2713,0.3918,0.1483,6.0,15.0
soybean,leafspots-halo,249,0.2249,0.5389,7.4286,0.0155,0.5562,0.8908,12.2796,11.285,4.2811,0.4065,0.1428,6.0,15.0
soybean,leafspots-halo,249,0.1606,0.5311,8.5385,0.0144,0.5513,0.8747,12.5603,11.1531,4.3248,0.4222,0.1361,6.0,15.0
soybean,leafspots-halo,249,0.0964,0.5333,6.6667,0.0133,0.5621,0.9047,11.2757,11.28,4.2663,0.4064,0.1437,6.0,15.0
soybean,leafspots-halo,249,0.0562,0.5319,6.5789,0.0128,0.563,0.9065,11.9236,11.2723,4.2659,0.4072,0.1435,6.0,15.0
soybean,fruiting-bodies,249,0.4859,0.8047,4.12,0.0156,0.3168,0.4938,31.543,6.1953,0.3964,0.823,0.5897,6.0,7.0
soybean,fruiting-bodies,249,0.4739,0.8168,4.4583,0.0153,0.3016,0.4762,32.2996,6.1832,0.3868,0.8372,0.6643,6.0,7.0
soybean,fruiting-bodies,249,0.4337,0.8298,4.875,0.0142,0.2845,0.4562,30.984,6.1702,0.3758,0.8526,0.7465,6.0,7.0
soybean,fruiting-bodies,249,0.3655,0.8291,4.8519,0.0127,0.2852,0.4573,33.0696,6.1709,0.3764,0.8518,0.7423,6.0,7.0
soybean,fruiting-bodies,249,0.3373,0.8303,4.8929,0.0121,0.2835,0.4554,33.1439,6.1697,0.3754,0.8532,0.7497,6.0,7.0
soybean,fruiting-bodies,249,0.1888,0.8515,5.7333,0.0099,0.2542,0.4201,34.4678,6.1485,0.3556,0.8783,0.8708,6.0,7.0
soybean,fruiting-bodies,249,0.2249,0.8446,5.4333,0.0104,0.2639,0.432,34.035,6.1554,0.3623,0.8701,0.8344,6.0,7.0
soybean,fruiting-bodies,249,0.1606,0.823,4.6486,0.0096,0.2928,0.4669,32.6854,6.177,0.3817,0.8445,0.7034,6.0,7.0
soybean,fruiting-bodies,249,0.0964,0.8311,4.9211,0.0089,0.282,0.4541,31.0833,6.1689,0.3747,0.8542,0.7548,6.0,7.0
soybean,fruiting-bodies,249,0.0562,0.8511,5.7143,0.0085,0.2546,0.4209,34.4415,6.1489,0.356,0.8778,0.8687,6.0,7.0
soybean,shriveling,249,0.4859,0.9609,24.6,0.0156,0.0757,0.165,41.3086,6.0391,0.1937,0.9915,1.0,6.0,7.0
soybean,shriveling,249,0.4739,0.9771,42.6667,0.0153,0.0451,0.1091,42.3187,6.0229,0.1496,0.9983,1.0,6.0,7.0
soybean,shriveling,249,0.4337,0.9716,34.25,0.0142,0.0555,0.129,41.6223,6.0284,0.166,0.9966,1.0,6.0,7.0
soybean,shriveling,249,0.3655,0.9557,21.5714,0.0127,0.0852,0.1814,40.981,6.0443,0.2058,0.9882,1.0,6.0,7.0
soybean,shriveling,249,0.3373,0.9758,40.25,0.0121,0.0476,0.1141,42.2348,6.0242,0.1538,0.9979,1.0,6.0,7.0
soybean,shriveling,249,0.1888,0.9752,39.4,0.0099,0.0485,0.116,42.203,6.0248,0.1554,0.9978,1.0,6.0,7.0
soybean,shriveling,249,0.2249,0.9689,31.1667,0.0104,0.0606,0.1385,41.807,6.0311,0.1736,0.9955,1.0,6.0,7.0
soybean,shriveling,249,0.1606,0.9522,19.9,0.0096,0.0916,0.1921,40.7596,6.0478,0.2134,0.9858,1.0,6.0,7.0
soybean,shriveling,249,0.0964,0.96,24.0,0.0089,0.0771,0.1679,40.75,6.04,0.196,0.9909,1.0,6.0,7.0
soybean,shriveling,249,0.0562,0.966,28.375,0.0085,0.066,0.1485,41.6223,6.034,0.1813,0.9942,1.0,6.0,7.0
soybean,stem,249,0.4859,0.5,1.0,0.0156,0.5039,0.6931,12.5,5.0,1.0,0.5,0.1192,4.0,6.0
soybean,stem,249,0.4739,0.5191,1.0794,0.0153,0.5031,0.6924,13.6927,5.0382,0.9993,0.4809,0.1198,4.0,6.0
soybean,stem,249,0.4337,0.5248,1.1045,0.0142,0.5023,0.6919,8.1117,4.9504,0.9988,0.5248,0.1202,4.0,6.0
soybean,stem,249,0.3655,0.5,1.0,0.0127,0.5032,0.6931,12.5,5.0,1.0,0.5,0.1192,4.0,6.0
soybean,stem,249,0.3373,0.5273,1.1154,0.0121,0.5016,0.6917,14.2045,4.9455,0.9985,0.5273,0.1205,4.0,6.0
soybean,stem,249,0.1888,0.5099,1.0404,0.0099,0.5023,0.693,13.1188,4.9802,0.9998,0.5099,0.1194,4.0,6.0
soybean,stem,249,0.2249,0.5181,1.0753,0.0104,0.5019,0.6925,13.6334,4.9637,0.9993,0.5181,0.1198,4.0,6.0
soybean,stem,249,0.1606,0.5072,1.0291,0.0096,0.5023,0.693,12.9486,5.0144,0.9999,0.4928,0.1193,4.0,6.0
soybean,stem,249,0.0964,0.5156,1.0642,0.0089,0.5017,0.6927,7.4167,4.9689,0.9995,0.5156,0.1196,4.0,6.0
soybean,stem,249,0.0562,0.5191,1.0796,0.0085,0.5014,0.6924,13.6968,4.9617,0.9993,0.5192,0.1198,4.0,6.0
soybean,leaf-spread,249,0.4859,0.7734,3.4138,0.0156,0.3532,0.5351,29.5898,6.2266,0.4186,0.7869,0.4272,6.0,7.0
soybean,leaf-spread,249,0.4739,0.7634,3.2258,0.0153,0.3641,0.5472,28.9599,6.2366,0.425,0.7754,0.386,6.0,7.0
soybean,leaf-spread,249,0.4337,0.8156,4.4231,0.0142,0.3029,0.478,29.9202,6.1844,0.3878,0.8358,0.6568,6.0,7.0
soybean,leaf-spread,249,0.3655,0.7975,3.9375,0.0127,0.3251,0.5039,31.0918,6.2025,0.4019,0.8146,0.5477,6.0,7.0
soybean,leaf-spread,249,0.3373,0.7879,3.7143,0.0121,0.3363,0.5168,30.4924,6.2121,0.4088,0.8035,0.4959,6.0,7.0
soybean,leaf-spread,249,0.1888,0.8069,4.1795,0.0099,0.3131,0.4906,31.6832,6.1931,0.3947,0.8257,0.6032,6.0,7.0
soybean,leaf-spread,249,0.2249,0.8238,4.6765,0.0104,0.2918,0.4655,32.7396,6.1762,0.381,0.8455,0.709,6.0,7.0
soybean,leaf-spread,249,0.1606,0.8086,4.225,0.0096,0.311,0.4882,31.7883,6.1914,0.3934,0.8276,0.6134,6.0,7.0
soybean,leaf-spread,249,0.0964,0.8,4.0,0.0089,0.3214,0.5004,28.75,6.2,0.4,0.8176,0.5622,6.0,7.0
soybean,leaf-spread,249,0.0562,0.8,4.0,0.0085,0.3214,0.5004,31.25,6.2,0.4,0.8176,0.5622,6.0,7.0
soybean,stem-cankers,249,0.4859,0.6328,11.5714,0.0312,0.5397,0.9877,6.6544,8.1719,2.982,0.6859,0.2328,6.0,13.0
soybean,stem-cankers,249,0.4739,0.6107,20.0,0.0305,0.5555,0.994,7.0426,8.313,3.0319,0.6645,0.2073,6.0,13.0
soybean,stem-cankers,249,0.4337,0.6667,18.8,0.0284,0.5034,0.9208,7.1256,7.9929,2.9355,0.7148,0.2744,6.0,13.0
soybean,stem-cankers,249,0.3655,0.6646,17.5,0.0253,0.5033,0.9183,7.1756,8.0253,2.9638,0.7104,0.264,6.0,13.0
soybean,stem-cankers,249,0.3373,0.6909,19.0,0.0242,0.4817,0.8994,7.1657,7.8,2.8117,0.7437,0.3451,6.0,13.0
soybean,stem-cankers,249,0.1888,0.6782,17.125,0.0198,0.4934,0.9157,7.0987,7.896,2.8726,0.7291,0.307,6.0,13.0
soybean,stem-cankers,249,0.2249,0.6736,14.4444,0.0207,0.5022,0.9398,6.8614,7.8808,2.8305,0.7297,0.3154,6.0,13.0
soybean,stem-cankers,249,0.1606,0.6459,15.0,0.0191,0.5226,0.9545,6.9753,8.1196,2.9848,0.695,0.2421,6.0,13.0
soybean,stem-cankers,249,0.0964,0.6711,16.7778,0.0178,0.495,0.9056,7.1151,7.9956,2.9597,0.7154,0.2715,6.0,13.0
soybean,stem-cankers,249,0.0562,0.6766,15.9,0.017,0.496,0.9239,7.0124,7.8936,2.8616,0.729,0.3087,6.0,13.0
soybean,canker-lesion,249,0.4859,0.5156,3.6667,0.0312,0.6603,1.2224,2.9442,4.9453,3.3803,0.8188,0.6179,3.0,12.0
soybean,canker-lesion,249,0.4739,0.5344,5.3846,0.0305,0.6413,1.1831,3.7309,4.855,3.22,0.8362,0.7224,3.0,12.0
soybean,canker-lesion,249,0.4337,0.5603,4.6471,0.0284,0.625,1.1653,3.7014,4.7305,3.2088,0.8465,0.7628,3.0,12.0
soybean,canker-lesion,249,0.3655,0.5316,3.6522,0.0253,0.6481,1.2051,3.2984,4.7975,3.2758,0.8372,0.7124,3.0,12.0
soybean,canker-lesion,249,0.3373,0.5939,5.4444,0.0242,0.5947,1.117,4.2899,4.5697,3.0753,0.8668,0.8579,3.0,12.0
soybean,canker-lesion,249,0.1888,0.5545,3.8621,0.0198,0.6295,1.1765,3.5981,4.6782,3.195,0.8514,0.7834,3.0,12.0
soybean,canker-lesion,249,0.2249,0.5544,4.28,0.0207,0.6281,1.1714,3.0538,4.9016,3.4076,0.8206,0.618,3.0,12.0
soybean,canker-lesion,249,0.1606,0.5215,3.7586,0.0191,0.6539,1.215,2.9055,4.9522,3.3982,0.8171,0.6073,3.0,12.0
soybean,canker-lesion,249,0.0964,0.56,4.3448,0.0178,0.6238,1.1665,3.3356,4.8044,3.3155,0.8341,0.6915,3.0,12.0
soybean,canker-lesion,249,0.0562,0.5574,4.2258,0.017,0.626,1.1707,3.4274,4.783,3.2928,0.8373,0.7087,3.0,12.0
soybean,area-damaged,249,0.4859,0.3203,2.2778,0.0312,0.7356,1.3427,1.1726,10.0781,0.9969,0.4609,0.1218,9.0,11.0
soybean,area-damaged,249,0.4739,0.3053,1.5385,0.0305,0.7464,1.3677,1.6253,10.0229,0.9997,0.4885,0.1194,9.0,11.0
soybean,area-damaged,249,0.4337,0.3901,2.3913,0.0284,0.7263,1.3322,0.9089,10.2057,0.9786,0.3964,0.139,9.0,11.0
soybean,area-damaged,249,0.3655,0.3165,1.8519,0.0253,0.7439,1.3639,1.0745,10.1519,0.9884,0.4238,0.1295,9.0,11.0
soybean,area-damaged,249,0.3373,0.3273,1.8,0.0242,0.7438,1.365,1.0898,10.1394,0.9902,0.4301,0.1278,9.0,11.0
soybean,area-damaged,249,0.1888,0.3119,1.6579,0.0198,0.7433,1.3653,1.7334,10.0495,0.9988,0.4752,0.1202,9.0,11.0
soybean,area-damaged,249,0.2249,0.3316,2.3704,0.0207,0.732,1.3395,1.3352,10.1192,0.9929,0.4403,0.1254,9.0,11.0
soybean,area-damaged,249,0.1606,0.3158,1.7838,0.0191,0.7422,1.3631,1.4615,10.0813,0.9967,0.4593,0.122,9.0,11.0
soybean,area-damaged,249,0.0964,0.3333,1.9737,0.0178,0.7391,1.3576,0.721,10.1289,0.9917,0.4354,0.1265,9.0,11.0
soybean,area-damaged,249,0.0562,0.3149,1.7619,0.017,0.7418,1.3632,1.5456,10.0723,0.9974,0.4638,0.1214,9.0,11.0
soybean,leaf-malf,249,0.4859,0.9766,41.6667,0.0156,0.0461,0.1111,42.2852,6.0234,0.1513,0.9982,1.0,6.0,7.0
soybean,leaf-malf,249,0.4739,0.9542,20.8333,0.0153,0.0881,0.186,40.8874,6.0458,0.2091,0.9872,1.0,6.0,7.0
soybean,leaf-malf,249,0.4337,0.9716,34.25,0.0142,0.0555,0.129,41.6223,6.0284,0.166,0.9966,1.0,6.0,7.0
soybean,leaf-malf,249,0.3655,0.9747,38.5,0.0127,0.0497,0.1181,42.1677,6.0253,0.1571,0.9976,1.0,6.0,7.0
soybean,leaf-malf,249,0.3373,0.9758,40.25,0.0121,0.0476,0.1141,42.2348,6.0242,0.1538,0.9979,1.0,6.0,7.0
soybean,leaf-malf,249,0.1888,0.9703,32.6667,0.0099,0.0579,0.1337,41.8936,6.0297,0.1698,0.9961,1.0,6.0,7.0
soybean,leaf-malf,249,0.2249,0.9585,23.125,0.0104,0.0799,0.1725,41.1593,6.0415,0.1993,0.9901,1.0,6.0,7.0
soybean,leaf-malf,249,0.1606,0.9761,40.8,0.0096,0.0469,0.1129,42.2548,6.0239,0.1528,0.998,1.0,6.0,7.0
soybean,leaf-malf,249,0.0964,0.9689,31.1429,0.0089,0.0606,0.1386,41.4167,6.0311,0.1736,0.9955,1.0,6.0,7.0
soybean,leaf-malf,249,0.0562,0.9617,25.1111,0.0085,0.074,0.1625,41.3564,6.0383,0.1919,0.9919,1.0,6.0,7.0
soybean,severity,249,0.4859,0.5547,3.9444,0.0234,0.5843,0.9649,5.6456,7.9141,2.3486,0.433,0.1335,5.0,10.0
soybean,severity,249,0.4739,0.5573,4.0556,0.0229,0.5818,0.9608,4.621,7.9237,2.3497,0.4307,0.1339,5.0,10.0
soybean,severity,249,0.4337,0.5461,4.5294,0.0213,0.5802,0.9516,3.5636,7.8511,2.3758,0.443,0.1302,5.0,10.0
soybean,severity,249,0.3655,0.5696,5.625,0.019,0.5605,0.9182,4.9956,7.9494,2.3755,0.4208,0.1352,5.0,10.0
soybean,severity,249,0.3373,0.5879,5.1053,0.0182,0.5563,0.9218,6.0382,8.0545,2.3413,0.4013,0.1429,5.0,10.0
soybean,severity,249,0.1888,0.5792,4.68,0.0149,0.5638,0.9355,5.9936,8.0198,2.342,0.4095,0.1401,5.0,10.0
soybean,severity,249,0.2249,0.5648,5.1905,0.0155,0.5656,0.9295,4.2453,7.9326,2.3723,0.4251,0.1342,5.0,10.0
soybean,severity,249,0.1606,0.5837,4.88,0.0144,0.5596,0.9287,6.0271,8.0383,2.3413,0.4052,0.1416,5.0,10.0
soybean,severity,249,0.0964,0.5733,5.375,0.0133,0.56,0.9223,4.3621,7.9733,2.3663,0.4167,0.1368,5.0,10.0
soybean,severity,249,0.0562,0.5745,5.1923,0.0128,0.561,0.9259,5.4409,7.983,2.361,0.4152,0.1375,5.0,10.0
soybean,fruit-pods,249,0.4859,0.7422,5.9375,0.0234,0.4192,0.7493,10.7382,4.4062,1.4439,0.8716,0.9014,3.0,8.0
soybean,fruit-pods,249,0.4739,0.7405,5.7059,0.0229,0.4213,0.7525,10.7844,4.3893,1.4334,0.8745,0.9124,3.0,8.0
soybean,fruit-pods,249,0.4337,0.773,7.2667,0.0213,0.3792,0.6924,11.654,4.3759,1.3763,0.8889,0.9482,3.0,8.0
soybean,fruit-pods,249,0.3655,0.7658,8.0667,0.019,0.3876,0.7024,10.8871,4.462,1.4523,0.8689,0.8817,3.0,8.0
soybean,fruit-pods,249,0.3373,0.7818,7.5882,0.0182,0.3671,0.6755,11.6199,4.3576,1.3482,0.8958,0.9625,3.0,8.0
soybean,fruit-pods,249,0.1888,0.7723,7.4286,0.0149,0.3793,0.6935,11.3108,4.3911,1.3897,0.8856,0.9392,3.0,8.0
soybean,fruit-pods,249,0.2249,0.7409,6.2174,0.0155,0.4194,0.7508,10.5653,4.4404,1.4709,0.8642,0.8714,3.0,8.0
soybean,fruit-pods,249,0.1606,0.7273,6.6087,0.0144,0.4346,0.7699,9.8903,4.5407,1.5558,0.839,0.7489,3.0,8.0
soybean,fruit-pods,249,0.0964,0.7511,8.0476,0.0133,0.4047,0.7258,10.5514,4.5289,1.5174,0.85,0.7969,3.0,8.0
soybean,fruit-pods,249,0.0562,0.7574,6.8462,0.0128,0.3983,0.7212,10.9465,4.417,1.4309,0.8749,0.9087,3.0,8.0
stars,Color,240,0.4833,0.4597,57.0,0.1129,0.7287,1.7352,0.4833,5.3629,3.3296,0.7735,0.5372,3.0,15.0
stars,Color,240,0.4708,0.4803,61.0,0.0945,0.7098,1.633,0.5546,5.315,3.3945,0.8005,0.7174,3.0,18.0
stars,Color,240,0.425,0.4855,67.0,0.087,0.7075,1.6301,0.3799,5.2754,3.3314,0.7947,0.6802,3.0,18.0
stars,Color,240,0.3583,0.4805,74.0,0.0909,0.7033,1.64,0.4995,5.0584,3.1607,0.833,0.8525,3.0,18.0
stars,Color,240,0.3208,0.4294,70.0,0.092,0.736,1.7266,0.4324,5.3313,3.2673,0.7934,0.6914,3.0,18.0
stars,Color,240,0.2333,0.5,92.0,0.0924,0.6882,1.6348,0.3336,4.9402,3.0238,0.8322,0.8455,3.0,18.0
stars,Color,240,0.1917,0.4742,92.0,0.0825,0.7107,1.6912,0.3822,5.1649,3.2001,0.8072,0.7344,3.0,18.0
stars,Color,240,0.1458,0.4585,94.0,0.0829,0.7228,1.7318,0.3372,5.3268,3.327,0.7891,0.6468,3.0,18.0
stars,Color,240,0.1083,0.4533,97.0,0.0748,0.7241,1.7127,0.3819,5.257,3.2258,0.7926,0.6638,3.0,18.0
stars,Color,240,0.0333,0.4612,107.0,0.0733,0.7155,1.6943,0.3407,5.2241,3.2273,0.7985,0.6898,3.0,18.0
visualizing_soil,isns,8641,0.5077,0.7583,3.1381,0.0005,0.3666,0.553,28.6466,1.0,0.0,nan,nan,1.0,1.0
visualizing_soil,isns,8641,0.4613,0.7583,3.1378,0.0004,0.3666,0.553,28.6453,1.0,0.0,nan,nan,1.0,1.0
visualizing_soil,isns,8641,0.4005,0.7597,3.1606,0.0004,0.3652,0.5515,28.7283,1.0,0.0,nan,nan,1.0,1.0
visualizing_soil,isns,8641,0.3475,0.7593,3.1548,0.0004,0.3656,0.5519,28.707,1.0,0.0,nan,nan,1.0,1.0
visualizing_soil,isns,8641,0.3019,0.7606,3.1773,0.0003,0.3642,0.5504,28.7881,1.0,0.0,nan,nan,1.0,1.0
visualizing_soil,isns,8641,0.2494,0.7592,3.1524,0.0003,0.3657,0.552,28.6984,1.0,0.0,nan,nan,1.0,1.0
visualizing_soil,isns,8641,0.2058,0.7561,3.0998,0.0003,0.3689,0.5556,28.5052,1.0,0.0,nan,nan,1.0,1.0
visualizing_soil,isns,8641,0.1485,0.7601,3.1688,0.0003,0.3647,0.5509,28.7578,1.0,0.0,nan,nan,1.0,1.0
visualizing_soil,isns,8641,0.0984,0.7579,3.131,0.0003,0.367,0.5535,28.6204,1.0,0.0,nan,nan,1.0,1.0
visualizing_soil,isns,8641,0.0515,0.7572,3.1186,0.0002,0.3677,0.5543,28.5749,1.0,0.0,nan,nan,1.0,1.0
